amplitude,ci95_halfwidth,correlation,direction,epsilon,head_count,heads,held_out_accuracy,hook,majority_baseline,mean_delta_s,model,phase,relative_error,sign_agreement,source_tens_argmax_fraction
,,,,,,,0.5,resid_pre,0.5,,excluded-1,probe,,,
0.0,0.0,,dependency,,,,,resid_pre,,0.0,excluded-1,intervention,,,0.0
0.001,9.523686458123848e-05,,dependency,,,,,resid_pre,,-0.00012603760114870965,excluded-1,intervention,,,0.0
0.003,0.0002857715298887342,,dependency,,,,,resid_pre,,-0.0003799915430136025,excluded-1,intervention,,,0.0
0.01,0.0009516730206087232,,dependency,,,,,resid_pre,,-0.0012886046897619963,excluded-1,intervention,,,0.0
0.03,0.0028479795437306166,,dependency,,,,,resid_pre,,-0.004064812790602446,excluded-1,intervention,,,0.0
,,0.9999940395355225,,0.001,,,,resid_pre,,,excluded-1,jvp_validation,0.0034958980977535248,1.0,
0.0,0.0,,shuffled,,,,,resid_pre,,0.0,excluded-1,intervention,,,0.0
0.001,0.00012119736493332312,,shuffled,,,,,resid_pre,,-6.206512625794858e-05,excluded-1,intervention,,,0.0
0.003,0.0003635743341874331,,shuffled,,,,,resid_pre,,-0.00018814564100466669,excluded-1,intervention,,,0.0
0.01,0.0012121361214667559,,shuffled,,,,,resid_pre,,-0.000641136197373271,excluded-1,intervention,,,0.0
0.03,0.0036373913753777742,,shuffled,,,,,resid_pre,,-0.002049140864983201,excluded-1,intervention,,,0.0
0.0,0.0,,ordinary_units_carry,,,,,resid_pre,,0.0,excluded-1,intervention,,,0.0
0.001,0.00012478179996833205,,ordinary_units_carry,,,,,resid_pre,,0.00046003819443285465,excluded-1,intervention,,,0.0
0.003,0.0003742662665899843,,ordinary_units_carry,,,,,resid_pre,,0.0013821125030517578,excluded-1,intervention,,,0.0
0.01,0.0012469504727050662,,ordinary_units_carry,,,,,resid_pre,,0.004622444976121187,excluded-1,intervention,,,0.0
0.03,0.0037340065464377403,,ordinary_units_carry,,,,,resid_pre,,0.013994765467941761,excluded-1,intervention,,,0.0
0.0,0.0,,random,,,,,resid_pre,,0.0,excluded-1,intervention,,,0.0
0.001,0.00010535584442550316,,random,,,,,resid_pre,,-8.423805411439389e-05,excluded-1,intervention,,,0.0
0.003,0.00031604443211108446,,random,,,,,resid_pre,,-0.00025530814309604466,excluded-1,intervention,,,0.0
0.01,0.0010549083817750216,,random,,,,,resid_pre,,-0.0008788347477093339,excluded-1,intervention,,,0.0
0.03,0.003177097998559475,,random,,,,,resid_pre,,-0.0028650332242250443,excluded-1,intervention,,,0.0
,,,,,,,0.6850000023841858,attn_out,0.5,,excluded-1,probe,,,
0.0,0.0,,dependency,,,,,attn_out,,0.0,excluded-1,intervention,,,0.0
0.001,7.968334830366075e-05,,dependency,,,,,attn_out,,-0.0009311533067375422,excluded-1,intervention,,,0.0
0.003,0.00023920756939332932,,dependency,,,,,attn_out,,-0.0027942799497395754,excluded-1,intervention,,,0.0
0.01,0.0007975182379595935,,dependency,,,,,attn_out,,-0.00932108424603939,excluded-1,intervention,,,0.0
0.03,0.002394620794802904,,dependency,,,,,attn_out,,-0.028012942522764206,excluded-1,intervention,,,0.0
,,0.9999945163726807,,0.001,,,,attn_out,,,excluded-1,jvp_validation,0.001597608090378344,1.0,
0.0,0.0,,shuffled,,,,,attn_out,,0.0,excluded-1,intervention,,,0.0
0.001,2.4088896680041216e-05,,shuffled,,,,,attn_out,,0.00017252445104531944,excluded-1,intervention,,,0.0
0.003,7.221072883112356e-05,,shuffled,,,,,attn_out,,0.0005175113910809159,excluded-1,intervention,,,0.0
0.01,0.00024077447596937418,,shuffled,,,,,attn_out,,0.0017230940284207463,excluded-1,intervention,,,0.0
0.03,0.0007225308218039572,,shuffled,,,,,attn_out,,0.005142364650964737,excluded-1,intervention,,,0.0
0.0,0.0,,ordinary_units_carry,,,,,attn_out,,0.0,excluded-1,intervention,,,0.0
0.001,2.301938548043836e-05,,ordinary_units_carry,,,,,attn_out,,6.2646868173033e-05,excluded-1,intervention,,,0.0
0.003,6.903962639626116e-05,,ordinary_units_carry,,,,,attn_out,,0.00018663406081032008,excluded-1,intervention,,,0.0
0.01,0.00023013271857053041,,ordinary_units_carry,,,,,attn_out,,0.0006167936371639371,excluded-1,intervention,,,0.0
0.03,0.0006901186425238848,,ordinary_units_carry,,,,,attn_out,,0.0018093347316607833,excluded-1,intervention,,,0.0
0.0,0.0,,random,,,,,attn_out,,0.0,excluded-1,intervention,,,0.0
0.001,2.6386405806988478e-05,,random,,,,,attn_out,,-0.00012619495100807399,excluded-1,intervention,,,0.0
0.003,7.910806743893772e-05,,random,,,,,attn_out,,-0.00037923813215456903,excluded-1,intervention,,,0.0
0.01,0.00026406924007460475,,random,,,,,attn_out,,-0.0012686157133430243,excluded-1,intervention,,,0.0
0.03,0.0007935097091831267,,random,,,,,attn_out,,-0.003842744743451476,excluded-1,intervention,,,0.0
,,,,,,,0.6899999976158142,resid_post,0.5,,excluded-1,probe,,,
0.0,0.0,,dependency,,,,,resid_post,,0.0,excluded-1,intervention,,,0.0
0.001,2.175356166844722e-05,,dependency,,,,,resid_post,,-0.0002759838243946433,excluded-1,intervention,,,0.0
0.003,6.525722710648552e-05,,dependency,,,,,resid_post,,-0.0008273935527540743,excluded-1,intervention,,,0.0
0.01,0.00021743583783973008,,dependency,,,,,resid_post,,-0.0027593516279011965,excluded-1,intervention,,,0.0
0.03,0.0006519959424622357,,dependency,,,,,resid_post,,-0.008288374170660973,excluded-1,intervention,,,0.0
,,0.9999347925186157,,0.001,,,,resid_post,,,excluded-1,jvp_validation,0.005138959735631943,1.0,
0.0,0.0,,shuffled,,,,,resid_post,,0.0,excluded-1,intervention,,,0.0
0.001,1.537738717161119e-05,,shuffled,,,,,resid_post,,-1.4715194993186742e-05,excluded-1,intervention,,,0.0
0.003,4.607627488439903e-05,,shuffled,,,,,resid_post,,-4.4617652747547254e-05,excluded-1,intervention,,,0.0
0.01,0.00015351800539065152,,shuffled,,,,,resid_post,,-0.00015130519750528038,excluded-1,intervention,,,0.0
0.03,0.0004608605813700706,,shuffled,,,,,resid_post,,-0.00046448232023976743,excluded-1,intervention,,,0.0
0.0,0.0,,ordinary_units_carry,,,,,resid_post,,0.0,excluded-1,intervention,,,0.0
0.001,1.0394936907687224e-05,,ordinary_units_carry,,,,,resid_post,,7.971286686370149e-05,excluded-1,intervention,,,0.0
0.003,3.115498839179054e-05,,ordinary_units_carry,,,,,resid_post,,0.00023872852034401149,excluded-1,intervention,,,0.0
0.01,0.00010381464380770922,,ordinary_units_carry,,,,,resid_post,,0.0007945060497149825,excluded-1,intervention,,,0.0
0.03,0.00031137734185904264,,ordinary_units_carry,,,,,resid_post,,0.0023712588008493185,excluded-1,intervention,,,0.0
0.0,0.0,,random,,,,,resid_post,,0.0,excluded-1,intervention,,,0.0
0.001,1.1824310604424682e-05,,random,,,,,resid_post,,0.00016589164442848414,excluded-1,intervention,,,0.0
0.003,3.553576971171424e-05,,random,,,,,resid_post,,0.0004980277735739946,excluded-1,intervention,,,0.0
0.01,0.00011842123785754666,,random,,,,,resid_post,,0.0016573667526245117,excluded-1,intervention,,,0.0
0.03,0.00035531941102817655,,random,,,,,resid_post,,0.004962058272212744,excluded-1,intervention,,,0.0
,,,,,,,0.6899999976158142,z,0.5,,excluded-1,probe,,,
0.0,0.0,,dependency,,,,,z,,0.0,excluded-1,intervention,,,0.0
0.001,9.077156573766842e-05,,dependency,,,,,z,,-0.0008882188703864813,excluded-1,intervention,,,0.0
0.003,0.0002723795478232205,,dependency,,,,,z,,-0.002666158601641655,excluded-1,intervention,,,0.0
0.01,0.0009087228681892157,,dependency,,,,,z,,-0.00889713317155838,excluded-1,intervention,,,0.0
0.03,0.0027325034607201815,,dependency,,,,,z,,-0.026779823005199432,excluded-1,intervention,,,0.0
,,0.9999952912330627,,0.001,,,,z,,,excluded-1,jvp_validation,0.0017692421097308397,1.0,
0.0,0.0,,shuffled,,,,,z,,0.0,excluded-1,intervention,,,0.0
0.001,2.8205979106132872e-05,,shuffled,,,,,z,,0.0002613496908452362,excluded-1,intervention,,,0.0
0.003,8.457995136268437e-05,,shuffled,,,,,z,,0.000784592644777149,excluded-1,intervention,,,0.0
0.01,0.0002819339861162007,,shuffled,,,,,z,,0.0026103972923010588,excluded-1,intervention,,,0.0
0.03,0.0008453683112747967,,shuffled,,,,,z,,0.007807803340256214,excluded-1,intervention,,,0.0
0.0,0.0,,ordinary_units_carry,,,,,z,,0.0,excluded-1,intervention,,,0.0
0.001,1.5699382856837474e-05,,ordinary_units_carry,,,,,z,,-7.294654642464593e-05,excluded-1,intervention,,,0.0
0.003,4.715121031040326e-05,,ordinary_units_carry,,,,,z,,-0.00021929264767095447,excluded-1,intervention,,,0.0
0.01,0.00015721299860160798,,ordinary_units_carry,,,,,z,,-0.0007318210555240512,excluded-1,intervention,,,0.0
0.03,0.00047196142259053886,,ordinary_units_carry,,,,,z,,-0.0022103404626250267,excluded-1,intervention,,,0.0
0.0,0.0,,random,,,,,z,,0.0,excluded-1,intervention,,,0.0
0.001,2.618119469843805e-05,,random,,,,,z,,7.395744432869833e-06,excluded-1,intervention,,,0.0
0.003,7.863129576435313e-05,,random,,,,,z,,2.2130012439447455e-05,excluded-1,intervention,,,0.0
0.01,0.0002621132298372686,,random,,,,,z,,7.27748847566545e-05,excluded-1,intervention,,,0.0
0.03,0.0007870400440879166,,random,,,,,z,,0.0002037811209447682,excluded-1,intervention,,,0.0
,,,,,1,0,,z,,-1.6369028091430664,excluded-1,head_subset_patch,,,0.0
,,,,,1,1,,z,,-0.7434313297271729,excluded-1,head_subset_patch,,,0.0
,,,,,1,2,,z,,-1.1094356775283813,excluded-1,head_subset_patch,,,0.0
,,,,,1,3,,z,,-1.5494980812072754,excluded-1,head_subset_patch,,,0.0
,,,,,2,0+1,,z,,-1.8700168132781982,excluded-1,head_subset_patch,,,0.0
,,,,,2,0+2,,z,,-1.5009840726852417,excluded-1,head_subset_patch,,,0.0
,,,,,2,0+3,,z,,-1.1028814315795898,excluded-1,head_subset_patch,,,0.0
,,,,,2,1+2,,z,,-1.534120798110962,excluded-1,head_subset_patch,,,0.0
,,,,,2,1+3,,z,,-1.6246792078018188,excluded-1,head_subset_patch,,,0.0
,,,,,2,2+3,,z,,-1.2911114692687988,excluded-1,head_subset_patch,,,0.0
,,,,,3,0+1+2,,z,,-0.9278724193572998,excluded-1,head_subset_patch,,,0.0
,,,,,3,0+1+3,,z,,-0.2432199865579605,excluded-1,head_subset_patch,,,0.0
,,,,,3,0+2+3,,z,,-0.0638715997338295,excluded-1,head_subset_patch,,,0.0
,,,,,3,1+2+3,,z,,-0.7482935190200806,excluded-1,head_subset_patch,,,0.0
,,,,,4,0+1+2+3,,z,,0.47011488676071167,excluded-1,head_subset_patch,,,0.0
,,,,,,,0.5,resid_pre,0.5,,control-1,probe,,,
0.0,0.0,,dependency,,,,,resid_pre,,0.0,control-1,intervention,,,0.0
0.001,9.929671068675816e-05,,dependency,,,,,resid_pre,,-0.00047652958892285824,control-1,intervention,,,0.0
0.003,0.0002973940863739699,,dependency,,,,,resid_pre,,-0.0014250993262976408,control-1,intervention,,,0.0
0.01,0.000986587954685092,,dependency,,,,,resid_pre,,-0.004686260130256414,control-1,intervention,,,0.0
0.03,0.002921576611697674,,dependency,,,,,resid_pre,,-0.013522467575967312,control-1,intervention,,,0.0
,,0.9999940991401672,,0.001,,,,resid_pre,,,control-1,jvp_validation,0.002955605275928974,0.9950000047683716,
0.0,0.0,,shuffled,,,,,resid_pre,,0.0,control-1,intervention,,,0.0
0.001,8.061464905040339e-05,,shuffled,,,,,resid_pre,,-0.0003249859728384763,control-1,intervention,,,0.0
0.003,0.0002413966867607087,,shuffled,,,,,resid_pre,,-0.0009709548903629184,control-1,intervention,,,0.0
0.01,0.000802858208771795,,shuffled,,,,,resid_pre,,-0.0031791424844413996,control-1,intervention,,,0.0
0.03,0.002395157003775239,,shuffled,,,,,resid_pre,,-0.00905827060341835,control-1,intervention,,,0.0
0.0,0.0,,ordinary_units_carry,,,,,resid_pre,,0.0,control-1,intervention,,,0.0
0.001,9.833514195634052e-05,,ordinary_units_carry,,,,,resid_pre,,0.00011100291885668412,control-1,intervention,,,0.0
0.003,0.0002950103662442416,,ordinary_units_carry,,,,,resid_pre,,0.00033671141136437654,control-1,intervention,,,0.0
0.01,0.0009831736097112298,,ordinary_units_carry,,,,,resid_pre,,0.0011659860610961914,control-1,intervention,,,0.0
0.03,0.002947936300188303,,ordinary_units_carry,,,,,resid_pre,,0.003860495053231716,control-1,intervention,,,0.0
0.0,0.0,,random,,,,,resid_pre,,0.0,control-1,intervention,,,0.0
0.001,0.00011799504864029586,,random,,,,,resid_pre,,6.544351344928145e-05,control-1,intervention,,,0.0
0.003,0.00035391998244449496,,random,,,,,resid_pre,,0.0002001166285481304,control-1,intervention,,,0.0
0.01,0.0011819192441180348,,random,,,,,resid_pre,,0.0007153225014917552,control-1,intervention,,,0.0
0.03,0.003565818304196,,random,,,,,resid_pre,,0.0025747751351445913,control-1,intervention,,,0.0
,,,,,,,0.7950000166893005,attn_out,0.5,,control-1,probe,,,
0.0,0.0,,dependency,,,,,attn_out,,0.0,control-1,intervention,,,0.0
0.001,6.395395757863298e-05,,dependency,,,,,attn_out,,0.00013682604185305536,control-1,intervention,,,0.0
0.003,0.0001920908980537206,,dependency,,,,,attn_out,,0.00041190863703377545,control-1,intervention,,,0.0
0.01,0.0006425829487852752,,dependency,,,,,attn_out,,0.001390831428579986,control-1,intervention,,,0.0
0.03,0.0019463844364508986,,dependency,,,,,attn_out,,0.004327044356614351,control-1,intervention,,,0.0
,,0.9999912977218628,,0.001,,,,attn_out,,,control-1,jvp_validation,0.004407722502946854,1.0,
0.0,0.0,,shuffled,,,,,attn_out,,0.0,control-1,intervention,,,0.0
0.001,4.417153832037002e-05,,shuffled,,,,,attn_out,,4.789113881997764e-05,control-1,intervention,,,0.0
0.003,0.0001327876525465399,,shuffled,,,,,attn_out,,0.0001451277785236016,control-1,intervention,,,0.0
0.01,0.00044331312528811395,,shuffled,,,,,attn_out,,0.0004909324925392866,control-1,intervention,,,0.0
0.03,0.0013352824607864022,,shuffled,,,,,attn_out,,0.001540708588436246,control-1,intervention,,,0.0
0.0,0.0,,ordinary_units_carry,,,,,attn_out,,0.0,control-1,intervention,,,0.0
0.001,2.7621525077847764e-05,,ordinary_units_carry,,,,,attn_out,,0.0002882027765735984,control-1,intervention,,,0.0
0.003,8.298877946799621e-05,,ordinary_units_carry,,,,,attn_out,,0.0008654022240079939,control-1,intervention,,,0.0
0.01,0.00027658758335746825,,ordinary_units_carry,,,,,attn_out,,0.002890279283747077,control-1,intervention,,,0.0
0.03,0.0008303913637064397,,ordinary_units_carry,,,,,attn_out,,0.008714339695870876,control-1,intervention,,,0.0
0.0,0.0,,random,,,,,attn_out,,0.0,control-1,intervention,,,0.0
0.001,3.6250574339646846e-05,,random,,,,,attn_out,,-0.00017512797785457224,control-1,intervention,,,0.0
0.003,0.00010885374649660662,,random,,,,,attn_out,,-0.0005248379893600941,control-1,intervention,,,0.0
0.01,0.0003633718006312847,,random,,,,,attn_out,,-0.0017407035920768976,control-1,intervention,,,0.0
0.03,0.001095077721402049,,random,,,,,attn_out,,-0.005153529811650515,control-1,intervention,,,0.0
,,,,,,,0.8349999785423279,resid_post,0.5,,control-1,probe,,,
0.0,0.0,,dependency,,,,,resid_post,,0.0,control-1,intervention,,,0.0
0.001,2.548710472183302e-05,,dependency,,,,,resid_post,,0.0001750755327520892,control-1,intervention,,,0.0
0.003,7.652698695892468e-05,,dependency,,,,,resid_post,,0.0005256629083305597,control-1,intervention,,,0.0
0.01,0.00025556233595125377,,dependency,,,,,resid_post,,0.001753249205648899,control-1,intervention,,,0.0
0.03,0.0007690876955166459,,dependency,,,,,resid_post,,0.005290563218295574,control-1,intervention,,,0.0
,,0.9999534487724304,,0.001,,,,resid_post,,,control-1,jvp_validation,0.007296693976968527,1.0,
0.0,0.0,,shuffled,,,,,resid_post,,0.0,control-1,intervention,,,0.0
0.001,1.2940199667355046e-05,,shuffled,,,,,resid_post,,-4.736423579743132e-05,control-1,intervention,,,0.0
0.003,3.89186643587891e-05,,shuffled,,,,,resid_post,,-0.00014124631707090884,control-1,intervention,,,0.0
0.01,0.00012989688548259437,,shuffled,,,,,resid_post,,-0.0004707598709501326,control-1,intervention,,,0.0
0.03,0.00038994892383925617,,shuffled,,,,,resid_post,,-0.00140708452090621,control-1,intervention,,,0.0
0.0,0.0,,ordinary_units_carry,,,,,resid_post,,0.0,control-1,intervention,,,0.0
0.001,1.8138473024009727e-05,,ordinary_units_carry,,,,,resid_post,,0.00020492792828008533,control-1,intervention,,,0.0
0.003,5.4394029575632885e-05,,ordinary_units_carry,,,,,resid_post,,0.0006151890847831964,control-1,intervention,,,0.0
0.01,0.00018162632477469742,,ordinary_units_carry,,,,,resid_post,,0.002050805138424039,control-1,intervention,,,0.0
0.03,0.0005457805236801505,,ordinary_units_carry,,,,,resid_post,,0.006159462966024876,control-1,intervention,,,0.0
0.0,0.0,,random,,,,,resid_post,,0.0,control-1,intervention,,,0.0
0.001,1.8578964954940602e-05,,random,,,,,resid_post,,8.083581633400172e-05,control-1,intervention,,,0.0
0.003,5.576105832005851e-05,,random,,,,,resid_post,,0.0002421331446385011,control-1,intervention,,,0.0
0.01,0.00018566045037005097,,random,,,,,resid_post,,0.0008070635958574712,control-1,intervention,,,0.0
0.03,0.0005563710583373904,,random,,,,,resid_post,,0.0024265742395073175,control-1,intervention,,,0.0
,,,,,,,0.7900000214576721,z,0.5,,control-1,probe,,,
0.0,0.0,,dependency,,,,,z,,0.0,control-1,intervention,,,0.0
0.001,6.628404662478715e-05,,dependency,,,,,z,,0.00022045374498702586,control-1,intervention,,,0.0
0.003,0.00019912936841137707,,dependency,,,,,z,,0.0006625056266784668,control-1,intervention,,,0.0
0.01,0.0006666866829618812,,dependency,,,,,z,,0.0022288155741989613,control-1,intervention,,,0.0
0.03,0.002026086440309882,,dependency,,,,,z,,0.0068682716228067875,control-1,intervention,,,0.0
,,0.9999934434890747,,0.001,,,,z,,,control-1,jvp_validation,0.0038687775377184153,1.0,
0.0,0.0,,shuffled,,,,,z,,0.0,control-1,intervention,,,0.0
0.001,2.9727012588409707e-05,,shuffled,,,,,z,,0.00016114235040731728,control-1,intervention,,,0.0
0.003,8.940379484556615e-05,,shuffled,,,,,z,,0.00048377751954831183,control-1,intervention,,,0.0
0.01,0.00029813116998411715,,shuffled,,,,,z,,0.0016178250079974532,control-1,intervention,,,0.0
0.03,0.0008954830118454993,,shuffled,,,,,z,,0.004889557138085365,control-1,intervention,,,0.0
0.0,0.0,,ordinary_units_carry,,,,,z,,0.0,control-1,intervention,,,0.0
0.001,2.6195044483756647e-05,,ordinary_units_carry,,,,,z,,0.00014677763101644814,control-1,intervention,,,0.0
0.003,7.871206616982818e-05,,ordinary_units_carry,,,,,z,,0.0004412031266838312,control-1,intervention,,,0.0
0.01,0.000262360495980829,,ordinary_units_carry,,,,,z,,0.00147340539842844,control-1,intervention,,,0.0
0.03,0.0007886684616096318,,ordinary_units_carry,,,,,z,,0.004456451162695885,control-1,intervention,,,0.0
0.0,0.0,,random,,,,,z,,0.0,control-1,intervention,,,0.0
0.001,3.242253660573624e-05,,random,,,,,z,,0.00013902425416745245,control-1,intervention,,,0.0
0.003,9.726328426040709e-05,,random,,,,,z,,0.0004165220307186246,control-1,intervention,,,0.0
0.01,0.00032453396124765277,,random,,,,,z,,0.0013913011644035578,control-1,intervention,,,0.0
0.03,0.000975428381934762,,random,,,,,z,,0.004193546716123819,control-1,intervention,,,0.0
,,,,,1,0,,z,,3.849961280822754,control-1,head_subset_patch,,,0.13500000536441803
,,,,,1,1,,z,,0.2885119318962097,control-1,head_subset_patch,,,0.0
,,,,,1,2,,z,,1.9987887144088745,control-1,head_subset_patch,,,0.0
,,,,,1,3,,z,,2.011643171310425,control-1,head_subset_patch,,,0.009999999776482582
,,,,,2,0+1,,z,,5.656800746917725,control-1,head_subset_patch,,,0.25
,,,,,2,0+2,,z,,10.000237464904785,control-1,head_subset_patch,,,0.6050000190734863
,,,,,2,0+3,,z,,9.308743476867676,control-1,head_subset_patch,,,0.47999998927116394
,,,,,2,1+2,,z,,3.7064201831817627,control-1,head_subset_patch,,,0.019999999552965164
,,,,,2,1+3,,z,,3.5038199424743652,control-1,head_subset_patch,,,0.03999999910593033
,,,,,2,2+3,,z,,7.539857864379883,control-1,head_subset_patch,,,0.36000001430511475
,,,,,3,0+1+2,,z,,12.218456268310547,control-1,head_subset_patch,,,0.75
,,,,,3,0+1+3,,z,,11.516828536987305,control-1,head_subset_patch,,,0.7200000286102295
,,,,,3,0+2+3,,z,,14.270742416381836,control-1,head_subset_patch,,,0.9800000190734863
,,,,,3,1+2+3,,z,,9.868831634521484,control-1,head_subset_patch,,,0.5950000286102295
,,,,,4,0+1+2+3,,z,,15.013141632080078,control-1,head_subset_patch,,,0.9900000095367432
,,,,,,,0.5,resid_pre,0.5,,excluded-2,probe,,,
0.0,0.0,,dependency,,,,,resid_pre,,0.0,excluded-2,intervention,,,0.0
0.001,8.948970207711682e-05,,dependency,,,,,resid_pre,,-0.00013857841258868575,excluded-2,intervention,,,0.0
0.003,0.0002685145300347358,,dependency,,,,,resid_pre,,-0.000414028181694448,excluded-2,intervention,,,0.0
0.01,0.0008953033247962594,,dependency,,,,,resid_pre,,-0.0013644695281982422,excluded-2,intervention,,,0.0
0.03,0.0026870188303291798,,dependency,,,,,resid_pre,,-0.003962907940149307,excluded-2,intervention,,,0.0
,,0.9999945759773254,,0.001,,,,resid_pre,,,excluded-2,jvp_validation,0.003588808234781027,0.9950000047683716,
0.0,0.0,,shuffled,,,,,resid_pre,,0.0,excluded-2,intervention,,,0.0
0.001,5.7610759540693834e-05,,shuffled,,,,,resid_pre,,-6.236076296772808e-05,excluded-2,intervention,,,0.0
0.003,0.00017297023441642523,,shuffled,,,,,resid_pre,,-0.000184125907253474,excluded-2,intervention,,,0.0
0.01,0.0005761582287959754,,shuffled,,,,,resid_pre,,-0.0005925464793108404,excluded-2,intervention,,,0.0
0.03,0.001725846785120666,,shuffled,,,,,resid_pre,,-0.001589388819411397,excluded-2,intervention,,,0.0
0.0,0.0,,ordinary_units_carry,,,,,resid_pre,,0.0,excluded-2,intervention,,,0.0
0.001,9.699779184302315e-05,,ordinary_units_carry,,,,,resid_pre,,-0.0002004814159590751,excluded-2,intervention,,,0.0
0.003,0.00029083353001624346,,ordinary_units_carry,,,,,resid_pre,,-0.0005987358163110912,excluded-2,intervention,,,0.0
0.01,0.0009683314710855484,,ordinary_units_carry,,,,,resid_pre,,-0.0019735193345695734,excluded-2,intervention,,,0.0
0.03,0.002896131481975317,,ordinary_units_carry,,,,,resid_pre,,-0.005742845591157675,excluded-2,intervention,,,0.0
0.0,0.0,,random,,,,,resid_pre,,0.0,excluded-2,intervention,,,0.0
0.001,5.2234012400731444e-05,,random,,,,,resid_pre,,-5.854129631188698e-05,excluded-2,intervention,,,0.0
0.003,0.00015642262587789446,,random,,,,,resid_pre,,-0.0001741790765663609,excluded-2,intervention,,,0.0
0.01,0.0005207220674492419,,random,,,,,resid_pre,,-0.0005778026534244418,excluded-2,intervention,,,0.0
0.03,0.0015547005459666252,,random,,,,,resid_pre,,-0.0017059374367818236,excluded-2,intervention,,,0.0
,,,,,,,0.949999988079071,attn_out,0.5,,excluded-2,probe,,,
0.0,0.0,,dependency,,,,,attn_out,,0.0,excluded-2,intervention,,,0.0
0.001,1.546523708384484e-05,,dependency,,,,,attn_out,,-1.895427703857422e-05,excluded-2,intervention,,,0.0
0.003,4.642048952518962e-05,,dependency,,,,,attn_out,,-5.8407782489666715e-05,excluded-2,intervention,,,0.0
0.01,0.0001547358260722831,,dependency,,,,,attn_out,,-0.00019456386507954448,excluded-2,intervention,,,0.0
0.03,0.0004639665421564132,,dependency,,,,,attn_out,,-0.0005894183996133506,excluded-2,intervention,,,0.0
,,0.9998573660850525,,0.001,,,,attn_out,,,excluded-2,jvp_validation,0.018885161727666855,0.9950000047683716,
0.0,0.0,,shuffled,,,,,attn_out,,0.0,excluded-2,intervention,,,0.0
0.001,3.6695870221592486e-05,,shuffled,,,,,attn_out,,0.00035288810613565147,excluded-2,intervention,,,0.0
0.003,0.00011023494880646467,,shuffled,,,,,attn_out,,0.0010586119024083018,excluded-2,intervention,,,0.0
0.01,0.00036755946348421276,,shuffled,,,,,attn_out,,0.003528375644236803,excluded-2,intervention,,,0.0
0.03,0.0011033805785700679,,shuffled,,,,,attn_out,,0.010585665702819824,excluded-2,intervention,,,0.0
0.0,0.0,,ordinary_units_carry,,,,,attn_out,,0.0,excluded-2,intervention,,,0.0
0.001,3.848848427878693e-05,,ordinary_units_carry,,,,,attn_out,,0.0003165006637573242,excluded-2,intervention,,,0.0
0.003,0.00011557148536667228,,ordinary_units_carry,,,,,attn_out,,0.0009504556655883789,excluded-2,intervention,,,0.0
0.01,0.00038532400503754616,,ordinary_units_carry,,,,,attn_out,,0.0031672001350671053,excluded-2,intervention,,,0.0
0.03,0.001156188198365271,,ordinary_units_carry,,,,,attn_out,,0.00950187724083662,excluded-2,intervention,,,0.0
0.0,0.0,,random,,,,,attn_out,,0.0,excluded-2,intervention,,,0.0
0.001,1.4005375305714551e-05,,random,,,,,attn_out,,6.970405229367316e-05,excluded-2,intervention,,,0.0
0.003,4.196962618152611e-05,,random,,,,,attn_out,,0.0002083206200040877,excluded-2,intervention,,,0.0
0.01,0.0001398976455675438,,random,,,,,attn_out,,0.0006935548735782504,excluded-2,intervention,,,0.0
0.03,0.00041895470349118114,,random,,,,,attn_out,,0.0020622252486646175,excluded-2,intervention,,,0.0
,,,,,,,0.9524999856948853,resid_post,0.5,,excluded-2,probe,,,
0.0,0.0,,dependency,,,,,resid_post,,0.0,excluded-2,intervention,,,0.0
0.001,5.56059239897877e-06,,dependency,,,,,resid_post,,-3.903389006154612e-05,excluded-2,intervention,,,0.0
0.003,1.6461415725643747e-05,,dependency,,,,,resid_post,,-0.00011743545474018902,excluded-2,intervention,,,0.0
0.01,5.489176692208275e-05,,dependency,,,,,resid_post,,-0.0003915595880243927,excluded-2,intervention,,,0.0
0.03,0.00016478460747748613,,dependency,,,,,resid_post,,-0.0011753463186323643,excluded-2,intervention,,,0.0
,,0.9990066289901733,,0.001,,,,resid_post,,,excluded-2,jvp_validation,0.030937138944864273,0.9850000143051147,
0.0,0.0,,shuffled,,,,,resid_post,,0.0,excluded-2,intervention,,,0.0
0.001,9.671934094512835e-06,,shuffled,,,,,resid_post,,9.343147394247353e-05,excluded-2,intervention,,,0.0
0.003,2.9041835659882054e-05,,shuffled,,,,,resid_post,,0.00028065204969607294,excluded-2,intervention,,,0.0
0.01,9.674501052359119e-05,,shuffled,,,,,resid_post,,0.0009353637578897178,excluded-2,intervention,,,0.0
0.03,0.0002902161795645952,,shuffled,,,,,resid_post,,0.0028071689885109663,excluded-2,intervention,,,0.0
0.0,0.0,,ordinary_units_carry,,,,,resid_post,,0.0,excluded-2,intervention,,,0.0
0.001,1.5325860658776946e-05,,ordinary_units_carry,,,,,resid_post,,9.580135520081967e-05,excluded-2,intervention,,,0.0
0.003,4.5919488911749795e-05,,ordinary_units_carry,,,,,resid_post,,0.0002875375794246793,excluded-2,intervention,,,0.0
0.01,0.00015311388415284455,,ordinary_units_carry,,,,,resid_post,,0.000958561897277832,excluded-2,intervention,,,0.0
0.03,0.00045928574400022626,,ordinary_units_carry,,,,,resid_post,,0.0028745890595018864,excluded-2,intervention,,,0.0
0.0,0.0,,random,,,,,resid_post,,0.0,excluded-2,intervention,,,0.0
0.001,1.0342593668610789e-05,,random,,,,,resid_post,,3.7498473830055445e-05,excluded-2,intervention,,,0.0
0.003,3.095760985161178e-05,,random,,,,,resid_post,,0.00011289119720458984,excluded-2,intervention,,,0.0
0.01,0.00010314818791812286,,random,,,,,resid_post,,0.0003769493196159601,excluded-2,intervention,,,0.0
0.03,0.0003091978724114597,,random,,,,,resid_post,,0.0011308907996863127,excluded-2,intervention,,,0.0
,,,,,,,0.9700000286102295,z,0.5,,excluded-2,probe,,,
0.0,0.0,,dependency,,,,,z,,0.0,excluded-2,intervention,,,0.0
0.001,1.577276452735532e-05,,dependency,,,,,z,,-3.2901763916015625e-05,excluded-2,intervention,,,0.0
0.003,4.725548569695093e-05,,dependency,,,,,z,,-9.892940579447895e-05,excluded-2,intervention,,,0.0
0.01,0.00015751087630633265,,dependency,,,,,z,,-0.0003292846668045968,excluded-2,intervention,,,0.0
0.03,0.0004727035411633551,,dependency,,,,,z,,-0.0009916353737935424,excluded-2,intervention,,,0.0
,,0.9998732805252075,,0.001,,,,z,,,excluded-2,jvp_validation,0.01750476285815239,0.9900000095367432,
0.0,0.0,,shuffled,,,,,z,,0.0,excluded-2,intervention,,,0.0
0.001,2.0737146769533865e-05,,shuffled,,,,,z,,0.00018717766215559095,excluded-2,intervention,,,0.0
0.003,6.227327685337514e-05,,shuffled,,,,,z,,0.0005616950802505016,excluded-2,intervention,,,0.0
0.01,0.00020759158360306174,,shuffled,,,,,z,,0.0018726539565250278,excluded-2,intervention,,,0.0
0.03,0.0006236453191377223,,shuffled,,,,,z,,0.005624127574265003,excluded-2,intervention,,,0.0
0.0,0.0,,ordinary_units_carry,,,,,z,,0.0,excluded-2,intervention,,,0.0
0.001,3.54567491740454e-05,,ordinary_units_carry,,,,,z,,0.00029588222969323397,excluded-2,intervention,,,0.0
0.003,0.00010649520118022338,,ordinary_units_carry,,,,,z,,0.0008871650788933039,excluded-2,intervention,,,0.0
0.01,0.00035500767990015447,,ordinary_units_carry,,,,,z,,0.0029567908495664597,excluded-2,intervention,,,0.0
0.03,0.0010659778490662575,,ordinary_units_carry,,,,,z,,0.00887327641248703,excluded-2,intervention,,,0.0
0.0,0.0,,random,,,,,z,,0.0,excluded-2,intervention,,,0.0
0.001,9.168095857603475e-06,,random,,,,,z,,3.1514166039414704e-05,excluded-2,intervention,,,0.0
0.003,2.746373684203718e-05,,random,,,,,z,,9.45520368986763e-05,excluded-2,intervention,,,0.0
0.01,9.154199506156147e-05,,random,,,,,z,,0.0003137779131066054,excluded-2,intervention,,,0.0
0.03,0.00027460535056889057,,random,,,,,z,,0.0009318876545876265,excluded-2,intervention,,,0.0
,,,,,1,0,,z,,-0.0007760715670883656,excluded-2,head_subset_patch,,,0.0
,,,,,1,1,,z,,0.05516264587640762,excluded-2,head_subset_patch,,,0.0
,,,,,1,2,,z,,-0.35322806239128113,excluded-2,head_subset_patch,,,0.0
,,,,,1,3,,z,,-0.3491552770137787,excluded-2,head_subset_patch,,,0.0
,,,,,2,0+1,,z,,0.36810606718063354,excluded-2,head_subset_patch,,,0.0
,,,,,2,0+2,,z,,0.876341700553894,excluded-2,head_subset_patch,,,0.0
,,,,,2,0+3,,z,,0.6829229593276978,excluded-2,head_subset_patch,,,0.0
,,,,,2,1+2,,z,,-0.3464144170284271,excluded-2,head_subset_patch,,,0.0
,,,,,2,1+3,,z,,-0.2870851159095764,excluded-2,head_subset_patch,,,0.0
,,,,,2,2+3,,z,,-0.4443237781524658,excluded-2,head_subset_patch,,,0.0
,,,,,3,0+1+2,,z,,1.3405914306640625,excluded-2,head_subset_patch,,,0.0
,,,,,3,0+1+3,,z,,1.1441038846969604,excluded-2,head_subset_patch,,,0.0
,,,,,3,0+2+3,,z,,1.7369489669799805,excluded-2,head_subset_patch,,,0.0
,,,,,3,1+2+3,,z,,-0.3811219036579132,excluded-2,head_subset_patch,,,0.0
,,,,,4,0+1+2+3,,z,,2.117648124694824,excluded-2,head_subset_patch,,,0.0
,,,,,,,0.5,resid_pre,0.5,,control-2,probe,,,
0.0,0.0,,dependency,,,,,resid_pre,,0.0,control-2,intervention,,,0.0
0.001,8.475640061078593e-05,,dependency,,,,,resid_pre,,-0.0003121948102489114,control-2,intervention,,,0.0
0.003,0.0002541631693020463,,dependency,,,,,resid_pre,,-0.0009373474167659879,control-2,intervention,,,0.0
0.01,0.0008462884579785168,,dependency,,,,,resid_pre,,-0.00312150944955647,control-2,intervention,,,0.0
0.03,0.002528608310967684,,dependency,,,,,resid_pre,,-0.00933353416621685,control-2,intervention,,,0.0
,,0.9999887943267822,,0.001,,,,resid_pre,,,control-2,jvp_validation,0.004287704359740019,1.0,
0.0,0.0,,shuffled,,,,,resid_pre,,0.0,control-2,intervention,,,0.0
0.001,0.00011430409358581528,,shuffled,,,,,resid_pre,,0.00020276069699320942,control-2,intervention,,,0.0
0.003,0.0003429132921155542,,shuffled,,,,,resid_pre,,0.0006074524135328829,control-2,intervention,,,0.0
0.01,0.0011439723894000053,,shuffled,,,,,resid_pre,,0.0020266533829271793,control-2,intervention,,,0.0
0.03,0.0034369330387562513,,shuffled,,,,,resid_pre,,0.0060982611030340195,control-2,intervention,,,0.0
0.0,0.0,,ordinary_units_carry,,,,,resid_pre,,0.0,control-2,intervention,,,0.0
0.001,0.00012724888802040368,,ordinary_units_carry,,,,,resid_pre,,-2.332687290618196e-05,control-2,intervention,,,0.0
0.003,0.0003816259268205613,,ordinary_units_carry,,,,,resid_pre,,-6.513595872092992e-05,control-2,intervention,,,0.0
0.01,0.001271293731406331,,ordinary_units_carry,,,,,resid_pre,,-0.00017893791664391756,control-2,intervention,,,0.0
0.03,0.0038073554169386625,,ordinary_units_carry,,,,,resid_pre,,-0.00022134781465865672,control-2,intervention,,,0.0
0.0,0.0,,random,,,,,resid_pre,,0.0,control-2,intervention,,,0.0
0.001,9.712869359645993e-05,,random,,,,,resid_pre,,-9.246826084563509e-05,control-2,intervention,,,0.0
0.003,0.00029107549926266074,,random,,,,,resid_pre,,-0.0002790832659229636,control-2,intervention,,,0.0
0.01,0.0009674125467427075,,random,,,,,resid_pre,,-0.0009526920039206743,control-2,intervention,,,0.0
0.03,0.002876944374293089,,random,,,,,resid_pre,,-0.003035430796444416,control-2,intervention,,,0.0
,,,,,,,0.8475000262260437,attn_out,0.5,,control-2,probe,,,
0.0,0.0,,dependency,,,,,attn_out,,0.0,control-2,intervention,,,0.0
0.001,4.903386070509441e-05,,dependency,,,,,attn_out,,0.0004776000860147178,control-2,intervention,,,0.0
0.003,0.00014731651754118502,,dependency,,,,,attn_out,,0.0014338111504912376,control-2,intervention,,,0.0
0.01,0.0004926629480905831,,dependency,,,,,attn_out,,0.004803008865565062,control-2,intervention,,,0.0
0.03,0.0014930376783013344,,dependency,,,,,attn_out,,0.014613084495067596,control-2,intervention,,,0.0
,,0.9999761581420898,,0.001,,,,attn_out,,,control-2,jvp_validation,0.004020715598016977,1.0,
0.0,0.0,,shuffled,,,,,attn_out,,0.0,control-2,intervention,,,0.0
0.001,1.965746923815459e-05,,shuffled,,,,,attn_out,,-0.00011059761163778603,control-2,intervention,,,0.0
0.003,5.9166966821067035e-05,,shuffled,,,,,attn_out,,-0.0003306579601485282,control-2,intervention,,,0.0
0.01,0.00019695448281709105,,shuffled,,,,,attn_out,,-0.001097717322409153,control-2,intervention,,,0.0
0.03,0.0005890528555028141,,shuffled,,,,,attn_out,,-0.00324904453009367,control-2,intervention,,,0.0
0.0,0.0,,ordinary_units_carry,,,,,attn_out,,0.0,control-2,intervention,,,0.0
0.001,2.626202149258461e-05,,ordinary_units_carry,,,,,attn_out,,0.00011737823660951108,control-2,intervention,,,0.0
0.003,7.866422674851492e-05,,ordinary_units_carry,,,,,attn_out,,0.0003522300685290247,control-2,intervention,,,0.0
0.01,0.0002617913705762476,,ordinary_units_carry,,,,,attn_out,,0.0011806010734289885,control-2,intervention,,,0.0
0.03,0.0007830578833818436,,ordinary_units_carry,,,,,attn_out,,0.0035953044425696135,control-2,intervention,,,0.0
0.0,0.0,,random,,,,,attn_out,,0.0,control-2,intervention,,,0.0
0.001,2.7425905500422232e-05,,random,,,,,attn_out,,-0.00013650894106831402,control-2,intervention,,,0.0
0.003,8.229270315496251e-05,,random,,,,,attn_out,,-0.0004091548908036202,control-2,intervention,,,0.0
0.01,0.000273758516414091,,random,,,,,attn_out,,-0.0013557815691456199,control-2,intervention,,,0.0
0.03,0.0008178777061402798,,random,,,,,attn_out,,-0.003997545223683119,control-2,intervention,,,0.0
,,,,,,,0.8899999856948853,resid_post,0.5,,control-2,probe,,,
0.0,0.0,,dependency,,,,,resid_post,,0.0,control-2,intervention,,,0.0
0.001,1.4369803466252051e-05,,dependency,,,,,resid_post,,7.486343383789062e-05,control-2,intervention,,,0.0
0.003,4.31520638812799e-05,,dependency,,,,,resid_post,,0.00022421836911235005,control-2,intervention,,,0.0
0.01,0.00014394416939467192,,dependency,,,,,resid_post,,0.0007515716715715826,control-2,intervention,,,0.0
0.03,0.00043330984772183,,dependency,,,,,resid_post,,0.002275438280776143,control-2,intervention,,,0.0
,,0.9997438192367554,,0.001,,,,resid_post,,,control-2,jvp_validation,0.01984892040491104,0.9900000095367432,
0.0,0.0,,shuffled,,,,,resid_post,,0.0,control-2,intervention,,,0.0
0.001,1.1576517863431945e-05,,shuffled,,,,,resid_post,,-1.698493906587828e-05,control-2,intervention,,,0.0
0.003,3.46922388416715e-05,,shuffled,,,,,resid_post,,-5.107879769639112e-05,control-2,intervention,,,0.0
0.01,0.00011602394079091027,,shuffled,,,,,resid_post,,-0.00016842842160258442,control-2,intervention,,,0.0
0.03,0.0003481174062471837,,shuffled,,,,,resid_post,,-0.0004969692090526223,control-2,intervention,,,0.0
0.0,0.0,,ordinary_units_carry,,,,,resid_post,,0.0,control-2,intervention,,,0.0
0.001,1.130509735958185e-05,,ordinary_units_carry,,,,,resid_post,,-0.0001031970969052054,control-2,intervention,,,0.0
0.003,3.3890577469719574e-05,,ordinary_units_carry,,,,,resid_post,,-0.0003100871981587261,control-2,intervention,,,0.0
0.01,0.00011303086648695171,,ordinary_units_carry,,,,,resid_post,,-0.001033296575769782,control-2,intervention,,,0.0
0.03,0.00033885170705616474,,ordinary_units_carry,,,,,resid_post,,-0.0030920791905373335,control-2,intervention,,,0.0
0.0,0.0,,random,,,,,resid_post,,0.0,control-2,intervention,,,0.0
0.001,7.886779712862335e-06,,random,,,,,resid_post,,-1.9330978830112144e-05,control-2,intervention,,,0.0
0.003,2.3515687644248828e-05,,random,,,,,resid_post,,-5.873680129298009e-05,control-2,intervention,,,0.0
0.01,7.838334568077698e-05,,random,,,,,resid_post,,-0.00019372940005268902,control-2,intervention,,,0.0
0.03,0.00023502700787503272,,random,,,,,resid_post,,-0.0005708694225177169,control-2,intervention,,,0.0
,,,,,,,0.8799999952316284,z,0.5,,control-2,probe,,,
0.0,0.0,,dependency,,,,,z,,0.0,control-2,intervention,,,0.0
0.001,4.3755466322181746e-05,,dependency,,,,,z,,0.0004353713884484023,control-2,intervention,,,0.0
0.003,0.00013127035344950855,,dependency,,,,,z,,0.0013076972682029009,control-2,intervention,,,0.0
0.01,0.00043880630983039737,,dependency,,,,,z,,0.004376850090920925,control-2,intervention,,,0.0
0.03,0.0013269700575619936,,dependency,,,,,z,,0.013274574652314186,control-2,intervention,,,0.0
,,0.9999710917472839,,0.001,,,,z,,,control-2,jvp_validation,0.00437783170491457,1.0,
0.0,0.0,,shuffled,,,,,z,,0.0,control-2,intervention,,,0.0
0.001,1.742901440593414e-05,,shuffled,,,,,z,,-0.00013940810458734632,control-2,intervention,,,0.0
0.003,5.228086592978798e-05,,shuffled,,,,,z,,-0.0004193115164525807,control-2,intervention,,,0.0
0.01,0.00017429505533073097,,shuffled,,,,,z,,-0.0013932323781773448,control-2,intervention,,,0.0
0.03,0.0005222975159995258,,shuffled,,,,,z,,-0.004148588050156832,control-2,intervention,,,0.0
0.0,0.0,,ordinary_units_carry,,,,,z,,0.0,control-2,intervention,,,0.0
0.001,1.7251681128982455e-05,,ordinary_units_carry,,,,,z,,0.00013084411330055445,control-2,intervention,,,0.0
0.003,5.152289304533042e-05,,ordinary_units_carry,,,,,z,,0.0003933906555175781,control-2,intervention,,,0.0
0.01,0.0001714428362902254,,ordinary_units_carry,,,,,z,,0.0013180827954784036,control-2,intervention,,,0.0
0.03,0.0005132554215379059,,ordinary_units_carry,,,,,z,,0.003998985514044762,control-2,intervention,,,0.0
0.0,0.0,,random,,,,,z,,0.0,control-2,intervention,,,0.0
0.001,1.730998519633431e-05,,random,,,,,z,,0.00017230033699888736,control-2,intervention,,,0.0
0.003,5.18764354637824e-05,,random,,,,,z,,0.0005183410830795765,control-2,intervention,,,0.0
0.01,0.00017282093176618218,,random,,,,,z,,0.001728916191495955,control-2,intervention,,,0.0
0.03,0.0005185725167393684,,random,,,,,z,,0.005208196584135294,control-2,intervention,,,0.0
,,,,,1,0,,z,,7.521627902984619,control-2,head_subset_patch,,,0.07500000298023224
,,,,,1,1,,z,,1.4648001194000244,control-2,head_subset_patch,,,0.0
,,,,,1,2,,z,,1.1571425199508667,control-2,head_subset_patch,,,0.0
,,,,,1,3,,z,,1.4257947206497192,control-2,head_subset_patch,,,0.0
,,,,,2,0+1,,z,,18.634050369262695,control-2,head_subset_patch,,,0.4350000023841858
,,,,,2,0+2,,z,,18.253379821777344,control-2,head_subset_patch,,,0.45500001311302185
,,,,,2,0+3,,z,,16.082103729248047,control-2,head_subset_patch,,,0.3050000071525574
,,,,,2,1+2,,z,,6.0595479011535645,control-2,head_subset_patch,,,0.009999999776482582
,,,,,2,1+3,,z,,6.401607513427734,control-2,head_subset_patch,,,0.029999999329447746
,,,,,2,2+3,,z,,5.579392910003662,control-2,head_subset_patch,,,0.029999999329447746
,,,,,3,0+1+2,,z,,31.572641372680664,control-2,head_subset_patch,,,0.9850000143051147
,,,,,3,0+1+3,,z,,29.673311233520508,control-2,head_subset_patch,,,0.9300000071525574
,,,,,3,0+2+3,,z,,28.708921432495117,control-2,head_subset_patch,,,0.9549999833106995
,,,,,3,1+2+3,,z,,16.963428497314453,control-2,head_subset_patch,,,0.38499999046325684
,,,,,4,0+1+2+3,,z,,36.265750885009766,control-2,head_subset_patch,,,1.0
,,,,,,,0.5,resid_pre,0.5,,excluded-3,probe,,,
0.0,0.0,,dependency,,,,,resid_pre,,0.0,excluded-3,intervention,,,0.0
0.001,0.00017147544713225216,,dependency,,,,,resid_pre,,0.0016257667448371649,excluded-3,intervention,,,0.0
0.003,0.0005160802975296974,,dependency,,,,,resid_pre,,0.004897790029644966,excluded-3,intervention,,,0.0
0.01,0.0017359916819259524,,dependency,,,,,resid_pre,,0.01656029187142849,excluded-3,intervention,,,0.0
0.03,0.005347057245671749,,dependency,,,,,resid_pre,,0.05172296613454819,excluded-3,intervention,,,0.0
,,0.9999968409538269,,0.001,,,,resid_pre,,,excluded-3,jvp_validation,0.001491067698225379,1.0,
0.0,0.0,,shuffled,,,,,resid_pre,,0.0,excluded-3,intervention,,,0.0
0.001,0.0001745224726619199,,shuffled,,,,,resid_pre,,0.0002515506639610976,excluded-3,intervention,,,0.0
0.003,0.0005233778501860797,,shuffled,,,,,resid_pre,,0.0007746696355752647,excluded-3,intervention,,,0.0
0.01,0.00173896923661232,,shuffled,,,,,resid_pre,,0.002789883641526103,excluded-3,intervention,,,0.0
0.03,0.005170902237296104,,shuffled,,,,,resid_pre,,0.01011877041310072,excluded-3,intervention,,,0.0
0.0,0.0,,ordinary_units_carry,,,,,resid_pre,,0.0,excluded-3,intervention,,,0.0
0.001,0.00022566858388017863,,ordinary_units_carry,,,,,resid_pre,,-0.0020018911454826593,excluded-3,intervention,,,0.0
0.003,0.0006750591564923525,,ordinary_units_carry,,,,,resid_pre,,-0.0059812734834849834,excluded-3,intervention,,,0.0
0.01,0.002230348763987422,,ordinary_units_carry,,,,,resid_pre,,-0.0196869894862175,excluded-3,intervention,,,0.0
0.03,0.006520478520542383,,ordinary_units_carry,,,,,resid_pre,,-0.0568976104259491,excluded-3,intervention,,,0.0
0.0,0.0,,random,,,,,resid_pre,,0.0,excluded-3,intervention,,,0.0
0.001,0.00028528727125376463,,random,,,,,resid_pre,,-0.002725787227973342,excluded-3,intervention,,,0.0
0.003,0.000853937875945121,,random,,,,,resid_pre,,-0.008154172450304031,excluded-3,intervention,,,0.0
0.01,0.00282293395139277,,random,,,,,resid_pre,,-0.026904216036200523,excluded-3,intervention,,,0.0
0.03,0.008269963786005974,,random,,,,,resid_pre,,-0.0783551037311554,excluded-3,intervention,,,0.0
,,,,,,,0.9975000023841858,attn_out,0.5,,excluded-3,probe,,,
0.0,0.0,,dependency,,,,,attn_out,,0.0,excluded-3,intervention,,,0.0
0.001,1.4757413737243041e-05,,dependency,,,,,attn_out,,1.821994737838395e-05,excluded-3,intervention,,,0.0
0.003,4.41947668150533e-05,,dependency,,,,,attn_out,,5.392074672272429e-05,excluded-3,intervention,,,0.0
0.01,0.00014745394582860172,,dependency,,,,,attn_out,,0.0001778936421032995,excluded-3,intervention,,,0.0
0.03,0.00044330625678412616,,dependency,,,,,attn_out,,0.000522074697073549,excluded-3,intervention,,,0.0
,,0.9997645616531372,,0.001,,,,attn_out,,,excluded-3,jvp_validation,0.02246815524995327,0.9850000143051147,
0.0,0.0,,shuffled,,,,,attn_out,,0.0,excluded-3,intervention,,,0.0
0.001,2.6042023819172755e-05,,shuffled,,,,,attn_out,,-0.00016018867609091103,excluded-3,intervention,,,0.0
0.003,7.809757516952232e-05,,shuffled,,,,,attn_out,,-0.0004806614015251398,excluded-3,intervention,,,0.0
0.01,0.0002606925554573536,,shuffled,,,,,attn_out,,-0.0016048336401581764,excluded-3,intervention,,,0.0
0.03,0.000783876923378557,,shuffled,,,,,attn_out,,-0.004835024010390043,excluded-3,intervention,,,0.0
0.0,0.0,,ordinary_units_carry,,,,,attn_out,,0.0,excluded-3,intervention,,,0.0
0.001,1.23295130833867e-05,,ordinary_units_carry,,,,,attn_out,,4.1456223698332906e-05,excluded-3,intervention,,,0.0
0.003,3.710007149493322e-05,,ordinary_units_carry,,,,,attn_out,,0.00012398719263728708,excluded-3,intervention,,,0.0
0.01,0.0001236952666658908,,ordinary_units_carry,,,,,attn_out,,0.00041223049629479647,excluded-3,intervention,,,0.0
0.03,0.0003714173217304051,,ordinary_units_carry,,,,,attn_out,,0.0012144375359639525,excluded-3,intervention,,,0.0
0.0,0.0,,random,,,,,attn_out,,0.0,excluded-3,intervention,,,0.0
0.001,2.3193830202217214e-05,,random,,,,,attn_out,,4.1065217374125496e-05,excluded-3,intervention,,,0.0
0.003,6.931264215381816e-05,,random,,,,,attn_out,,0.00012204170343466103,excluded-3,intervention,,,0.0
0.01,0.00023066162248142064,,random,,,,,attn_out,,0.00040454388363286853,excluded-3,intervention,,,0.0
0.03,0.0006897624698467553,,random,,,,,attn_out,,0.001195936230942607,excluded-3,intervention,,,0.0
,,,,,,,1.0,resid_post,0.5,,excluded-3,probe,,,
0.0,0.0,,dependency,,,,,resid_post,,0.0,excluded-3,intervention,,,0.0
0.001,6.238479727471713e-06,,dependency,,,,,resid_post,,8.460044773528352e-05,excluded-3,intervention,,,0.0
0.003,1.8647562683327124e-05,,dependency,,,,,resid_post,,0.00025404454208910465,excluded-3,intervention,,,0.0
0.01,6.213128654053435e-05,,dependency,,,,,resid_post,,0.0008456945652142167,excluded-3,intervention,,,0.0
0.03,0.00018603703938424587,,dependency,,,,,resid_post,,0.002536993008106947,excluded-3,intervention,,,0.0
,,0.9987549185752869,,0.001,,,,resid_post,,,excluded-3,jvp_validation,0.021022601053118706,1.0,
0.0,0.0,,shuffled,,,,,resid_post,,0.0,excluded-3,intervention,,,0.0
0.001,9.224551831721328e-06,,shuffled,,,,,resid_post,,-4.371643080958165e-05,excluded-3,intervention,,,0.0
0.003,2.763953489193227e-05,,shuffled,,,,,resid_post,,-0.00013044834486208856,excluded-3,intervention,,,0.0
0.01,9.246126865036786e-05,,shuffled,,,,,resid_post,,-0.00043642520904541016,excluded-3,intervention,,,0.0
0.03,0.00027792161563411355,,shuffled,,,,,resid_post,,-0.0013122463133186102,excluded-3,intervention,,,0.0
0.0,0.0,,ordinary_units_carry,,,,,resid_post,,0.0,excluded-3,intervention,,,0.0
0.001,6.328166364255594e-06,,ordinary_units_carry,,,,,resid_post,,7.019520126050338e-05,excluded-3,intervention,,,0.0
0.003,1.8763945263344795e-05,,ordinary_units_carry,,,,,resid_post,,0.00021027088223490864,excluded-3,intervention,,,0.0
0.01,6.238215428311378e-05,,ordinary_units_carry,,,,,resid_post,,0.0007009744876995683,excluded-3,intervention,,,0.0
0.03,0.00018674283637665212,,ordinary_units_carry,,,,,resid_post,,0.002099371049553156,excluded-3,intervention,,,0.0
0.0,0.0,,random,,,,,resid_post,,0.0,excluded-3,intervention,,,0.0
0.001,6.346623194986023e-06,,random,,,,,resid_post,,2.253532329632435e-05,excluded-3,intervention,,,0.0
0.003,1.8944236217066646e-05,,random,,,,,resid_post,,6.661892257397994e-05,excluded-3,intervention,,,0.0
0.01,6.314425263553858e-05,,random,,,,,resid_post,,0.00022291183995548636,excluded-3,intervention,,,0.0
0.03,0.00018956697022076696,,random,,,,,resid_post,,0.0006670856382697821,excluded-3,intervention,,,0.0
,,,,,,,1.0,z,0.5,,excluded-3,probe,,,
0.0,0.0,,dependency,,,,,z,,0.0,excluded-3,intervention,,,0.0
0.001,1.4987567737989593e-05,,dependency,,,,,z,,-4.831791011383757e-05,excluded-3,intervention,,,0.0
0.003,4.4889107812196016e-05,,dependency,,,,,z,,-0.00014482498227152973,excluded-3,intervention,,,0.0
0.01,0.00015004911983851343,,dependency,,,,,z,,-0.0004847955715376884,excluded-3,intervention,,,0.0
0.03,0.00045050884364172816,,dependency,,,,,z,,-0.0014683675253763795,excluded-3,intervention,,,0.0
,,0.9998122453689575,,0.001,,,,z,,,excluded-3,jvp_validation,0.017721500247716904,0.9950000047683716,
0.0,0.0,,shuffled,,,,,z,,0.0,excluded-3,intervention,,,0.0
0.001,1.2903854440082796e-05,,shuffled,,,,,z,,-9.982108895201236e-05,excluded-3,intervention,,,0.0
0.003,3.8819227484054863e-05,,shuffled,,,,,z,,-0.00029955862555652857,excluded-3,intervention,,,0.0
0.01,0.00012960852473042905,,shuffled,,,,,z,,-0.0009988450910896063,excluded-3,intervention,,,0.0
0.03,0.0003894978726748377,,shuffled,,,,,z,,-0.003005347214639187,excluded-3,intervention,,,0.0
0.0,0.0,,ordinary_units_carry,,,,,z,,0.0,excluded-3,intervention,,,0.0
0.001,1.3471616512106266e-05,,ordinary_units_carry,,,,,z,,3.1676292564952746e-05,excluded-3,intervention,,,0.0
0.003,4.052948861499317e-05,,ordinary_units_carry,,,,,z,,9.510516974842176e-05,excluded-3,intervention,,,0.0
0.01,0.00013511972792912275,,ordinary_units_carry,,,,,z,,0.0003165864909533411,excluded-3,intervention,,,0.0
0.03,0.0004062569350935519,,ordinary_units_carry,,,,,z,,0.0009365415317006409,excluded-3,intervention,,,0.0
0.0,0.0,,random,,,,,z,,0.0,excluded-3,intervention,,,0.0
0.001,1.7880545783555135e-05,,random,,,,,z,,-1.0514258974581026e-05,excluded-3,intervention,,,0.0
0.003,5.374224201659672e-05,,random,,,,,z,,-3.123283386230469e-05,excluded-3,intervention,,,0.0
0.01,0.00017920108803082258,,random,,,,,z,,-0.00010613918129820377,excluded-3,intervention,,,0.0
0.03,0.0005382669623941183,,random,,,,,z,,-0.00033585549681447446,excluded-3,intervention,,,0.0
,,,,,1,0,,z,,-0.8242698907852173,excluded-3,head_subset_patch,,,0.0
,,,,,1,1,,z,,-0.05655312165617943,excluded-3,head_subset_patch,,,0.0
,,,,,1,2,,z,,-0.8192296028137207,excluded-3,head_subset_patch,,,0.0
,,,,,1,3,,z,,-0.34218859672546387,excluded-3,head_subset_patch,,,0.0
,,,,,2,0+1,,z,,-0.8830388784408569,excluded-3,head_subset_patch,,,0.0
,,,,,2,0+2,,z,,-1.1979272365570068,excluded-3,head_subset_patch,,,0.0
,,,,,2,0+3,,z,,-0.9452105164527893,excluded-3,head_subset_patch,,,0.0
,,,,,2,1+2,,z,,-0.8246318101882935,excluded-3,head_subset_patch,,,0.0
,,,,,2,1+3,,z,,-0.4194830358028412,excluded-3,head_subset_patch,,,0.0
,,,,,2,2+3,,z,,-0.9174671769142151,excluded-3,head_subset_patch,,,0.0
,,,,,3,0+1+2,,z,,-1.1454654932022095,excluded-3,head_subset_patch,,,0.0
,,,,,3,0+1+3,,z,,-1.002986192703247,excluded-3,head_subset_patch,,,0.0
,,,,,3,0+2+3,,z,,-1.1374207735061646,excluded-3,head_subset_patch,,,0.0
,,,,,3,1+2+3,,z,,-0.9244926571846008,excluded-3,head_subset_patch,,,0.0
,,,,,4,0+1+2+3,,z,,-1.0982686281204224,excluded-3,head_subset_patch,,,0.0
,,,,,,,0.5,resid_pre,0.5,,control-3,probe,,,
0.0,0.0,,dependency,,,,,resid_pre,,0.0,control-3,intervention,,,0.0
0.001,0.0002231910330010578,,dependency,,,,,resid_pre,,-0.001088905381038785,control-3,intervention,,,0.0
0.003,0.0006700337980873883,,dependency,,,,,resid_pre,,-0.0032704926561564207,control-3,intervention,,,0.0
0.01,0.002243192633613944,,dependency,,,,,resid_pre,,-0.010952339507639408,control-3,intervention,,,0.0
0.03,0.0068071032874286175,,dependency,,,,,resid_pre,,-0.03323793783783913,control-3,intervention,,,0.0
,,0.9999985694885254,,0.001,,,,resid_pre,,,control-3,jvp_validation,0.0014702377375215292,1.0,
0.0,0.0,,shuffled,,,,,resid_pre,,0.0,control-3,intervention,,,0.0
0.001,0.0001649672631174326,,shuffled,,,,,resid_pre,,0.0012609243858605623,control-3,intervention,,,0.0
0.003,0.0004946248373016715,,shuffled,,,,,resid_pre,,0.0037730741314589977,control-3,intervention,,,0.0
0.01,0.0016457075253129005,,shuffled,,,,,resid_pre,,0.01246223971247673,control-3,intervention,,,0.0
0.03,0.004902426153421402,,shuffled,,,,,resid_pre,,0.036359429359436035,control-3,intervention,,,0.0
0.0,0.0,,ordinary_units_carry,,,,,resid_pre,,0.0,control-3,intervention,,,0.0
0.001,0.00021980420569889247,,ordinary_units_carry,,,,,resid_pre,,0.001679649343714118,control-3,intervention,,,0.0
0.003,0.0006591643905267119,,ordinary_units_carry,,,,,resid_pre,,0.005039372481405735,control-3,intervention,,,0.0
0.01,0.0021880464628338814,,ordinary_units_carry,,,,,resid_pre,,0.016749614849686623,control-3,intervention,,,0.0
0.03,0.006478460039943457,,ordinary_units_carry,,,,,resid_pre,,0.04975387454032898,control-3,intervention,,,0.0
0.0,0.0,,random,,,,,resid_pre,,0.0,control-3,intervention,,,0.0
0.001,0.00013548402057494968,,random,,,,,resid_pre,,0.00026367188547737896,control-3,intervention,,,0.0
0.003,0.00040629273280501366,,random,,,,,resid_pre,,0.000784807198215276,control-3,intervention,,,0.0
0.01,0.0013548096176236868,,random,,,,,resid_pre,,0.0025414132978767157,control-3,intervention,,,0.0
0.03,0.004065545275807381,,random,,,,,resid_pre,,0.006931500509381294,control-3,intervention,,,0.0
,,,,,,,1.0,attn_out,0.5,,control-3,probe,,,
0.0,0.0,,dependency,,,,,attn_out,,0.0,control-3,intervention,,,0.0
0.001,1.2284618605917785e-05,,dependency,,,,,attn_out,,2.822876012942288e-05,control-3,intervention,,,0.0
0.003,3.680402005556971e-05,,dependency,,,,,attn_out,,8.424758561886847e-05,control-3,intervention,,,0.0
0.01,0.00012288802827242762,,dependency,,,,,attn_out,,0.0002822971437126398,control-3,intervention,,,0.0
0.03,0.0003694698098115623,,dependency,,,,,attn_out,,0.0008587265037931502,control-3,intervention,,,0.0
,,0.9996626377105713,,0.001,,,,attn_out,,,control-3,jvp_validation,0.025843294337391853,0.9800000190734863,
0.0,0.0,,shuffled,,,,,attn_out,,0.0,control-3,intervention,,,0.0
0.001,2.332832445972599e-05,,shuffled,,,,,attn_out,,-2.0914078049827367e-05,control-3,intervention,,,0.0
0.003,6.998234312050045e-05,,shuffled,,,,,attn_out,,-6.275653868215159e-05,control-3,intervention,,,0.0
0.01,0.00023355172015726566,,shuffled,,,,,attn_out,,-0.00020515441428869963,control-3,intervention,,,0.0
0.03,0.0007014976581558585,,shuffled,,,,,attn_out,,-0.000582036969717592,control-3,intervention,,,0.0
0.0,0.0,,ordinary_units_carry,,,,,attn_out,,0.0,control-3,intervention,,,0.0
0.001,1.1118688235001173e-05,,ordinary_units_carry,,,,,attn_out,,3.3826829167082906e-05,control-3,intervention,,,0.0
0.003,3.3219494071090594e-05,,ordinary_units_carry,,,,,attn_out,,0.00010295867832610384,control-3,intervention,,,0.0
0.01,0.00011092367640230805,,ordinary_units_carry,,,,,attn_out,,0.0003455638943705708,control-3,intervention,,,0.0
0.03,0.0003334643261041492,,ordinary_units_carry,,,,,attn_out,,0.0010547590209171176,control-3,intervention,,,0.0
0.0,0.0,,random,,,,,attn_out,,0.0,control-3,intervention,,,0.0
0.001,1.9116920157102868e-05,,random,,,,,attn_out,,7.4100494202866685e-06,control-3,intervention,,,0.0
0.003,5.7341327192261815e-05,,random,,,,,attn_out,,2.2611617168877274e-05,control-3,intervention,,,0.0
0.01,0.00019114461611025035,,random,,,,,attn_out,,7.73000720073469e-05,control-3,intervention,,,0.0
0.03,0.000574107572901994,,random,,,,,attn_out,,0.0002523183939047158,control-3,intervention,,,0.0
,,,,,,,1.0,resid_post,0.5,,control-3,probe,,,
0.0,0.0,,dependency,,,,,resid_post,,0.0,control-3,intervention,,,0.0
0.001,7.380529041256523e-06,,dependency,,,,,resid_post,,4.9552916607353836e-05,control-3,intervention,,,0.0
0.003,2.20153815462254e-05,,dependency,,,,,resid_post,,0.00014835834736004472,control-3,intervention,,,0.0
0.01,7.326818013098091e-05,,dependency,,,,,resid_post,,0.0004956722259521484,control-3,intervention,,,0.0
0.03,0.00021977459255140275,,dependency,,,,,resid_post,,0.0014916897052899003,control-3,intervention,,,0.0
,,0.9988977313041687,,0.001,,,,resid_post,,,control-3,jvp_validation,0.032491374760866165,1.0,
0.0,0.0,,shuffled,,,,,resid_post,,0.0,control-3,intervention,,,0.0
0.001,5.251889433566248e-06,,shuffled,,,,,resid_post,,-1.0814666893566027e-05,control-3,intervention,,,0.0
0.003,1.559996417199727e-05,,shuffled,,,,,resid_post,,-3.288745938334614e-05,control-3,intervention,,,0.0
0.01,5.2252085879445076e-05,,shuffled,,,,,resid_post,,-0.00010967254638671875,control-3,intervention,,,0.0
0.03,0.00015695250476710498,,shuffled,,,,,resid_post,,-0.0003246307314839214,control-3,intervention,,,0.0
0.0,0.0,,ordinary_units_carry,,,,,resid_post,,0.0,control-3,intervention,,,0.0
0.001,6.867320280434797e-06,,ordinary_units_carry,,,,,resid_post,,9.870529538602568e-06,control-3,intervention,,,0.0
0.003,2.0531100744847208e-05,,ordinary_units_carry,,,,,resid_post,,2.9706954592256807e-05,control-3,intervention,,,0.0
0.01,6.835531530668959e-05,,ordinary_units_carry,,,,,resid_post,,0.00010002613271353766,control-3,intervention,,,0.0
0.03,0.00020514400966931134,,ordinary_units_carry,,,,,resid_post,,0.00030402184347622097,control-3,intervention,,,0.0
0.0,0.0,,random,,,,,resid_post,,0.0,control-3,intervention,,,0.0
0.001,8.282208000309765e-06,,random,,,,,resid_post,,0.00010627746814861894,control-3,intervention,,,0.0
0.003,2.4677727196831256e-05,,random,,,,,resid_post,,0.0003191137220710516,control-3,intervention,,,0.0
0.01,8.19762353785336e-05,,random,,,,,resid_post,,0.00106344697996974,control-3,intervention,,,0.0
0.03,0.0002462339762132615,,random,,,,,resid_post,,0.00319392210803926,control-3,intervention,,,0.0
,,,,,,,1.0,z,0.5,,control-3,probe,,,
0.0,0.0,,dependency,,,,,z,,0.0,control-3,intervention,,,0.0
0.001,1.8699194697546773e-05,,dependency,,,,,z,,-1.3208389646024443e-05,control-3,intervention,,,0.0
0.003,5.631488238577731e-05,,dependency,,,,,z,,-4.0092469134833664e-05,control-3,intervention,,,0.0
0.01,0.00018770356837194413,,dependency,,,,,z,,-0.00013274670345708728,control-3,intervention,,,0.0
0.03,0.000563948240596801,,dependency,,,,,z,,-0.00038975238567218184,control-3,intervention,,,0.0
,,0.9998342394828796,,0.001,,,,z,,,control-3,jvp_validation,0.01989784464240074,1.0,
0.0,0.0,,shuffled,,,,,z,,0.0,control-3,intervention,,,0.0
0.001,1.478891590522835e-05,,shuffled,,,,,z,,1.985549897653982e-05,control-3,intervention,,,0.0
0.003,4.440033808350563e-05,,shuffled,,,,,z,,5.910396430408582e-05,control-3,intervention,,,0.0
0.01,0.00014808980631642044,,shuffled,,,,,z,,0.000200057023903355,control-3,intervention,,,0.0
0.03,0.00044563435949385166,,shuffled,,,,,z,,0.0006233406020328403,control-3,intervention,,,0.0
0.0,0.0,,ordinary_units_carry,,,,,z,,0.0,control-3,intervention,,,0.0
0.001,1.4400538020709064e-05,,ordinary_units_carry,,,,,z,,-3.687381831696257e-05,control-3,intervention,,,0.0
0.003,4.3206298869336024e-05,,ordinary_units_carry,,,,,z,,-0.0001099252694984898,control-3,intervention,,,0.0
0.01,0.00014417128113564104,,ordinary_units_carry,,,,,z,,-0.00036636830191127956,control-3,intervention,,,0.0
0.03,0.0004325371119193733,,ordinary_units_carry,,,,,z,,-0.0010953235905617476,control-3,intervention,,,0.0
0.0,0.0,,random,,,,,z,,0.0,control-3,intervention,,,0.0
0.001,1.0439033758302685e-05,,random,,,,,z,,3.9381979149766266e-05,control-3,intervention,,,0.0
0.003,3.131559060420841e-05,,random,,,,,z,,0.00011813640594482422,control-3,intervention,,,0.0
0.01,0.0001044866003212519,,random,,,,,z,,0.00039356708293780684,control-3,intervention,,,0.0
0.03,0.0003135299775749445,,random,,,,,z,,0.0011799954809248447,control-3,intervention,,,0.0
,,,,,1,0,,z,,1.025997519493103,control-3,head_subset_patch,,,0.0
,,,,,1,1,,z,,0.17016814649105072,control-3,head_subset_patch,,,0.0
,,,,,1,2,,z,,1.2653610706329346,control-3,head_subset_patch,,,0.0
,,,,,1,3,,z,,0.45327627658843994,control-3,head_subset_patch,,,0.0
,,,,,2,0+1,,z,,2.088890314102173,control-3,head_subset_patch,,,0.0
,,,,,2,0+2,,z,,5.839581489562988,control-3,head_subset_patch,,,0.02500000037252903
,,,,,2,0+3,,z,,2.4657373428344727,control-3,head_subset_patch,,,0.0
,,,,,2,1+2,,z,,2.510988235473633,control-3,head_subset_patch,,,0.004999999888241291
,,,,,2,1+3,,z,,0.8455456495285034,control-3,head_subset_patch,,,0.0
,,,,,2,2+3,,z,,2.976926565170288,control-3,head_subset_patch,,,0.0
,,,,,3,0+1+2,,z,,9.559520721435547,control-3,head_subset_patch,,,0.1899999976158142
,,,,,3,0+1+3,,z,,4.476216793060303,control-3,head_subset_patch,,,0.0
,,,,,3,0+2+3,,z,,7.6212005615234375,control-3,head_subset_patch,,,0.06499999761581421
,,,,,3,1+2+3,,z,,5.025111675262451,control-3,head_subset_patch,,,0.019999999552965164
,,,,,4,0+1+2+3,,z,,11.459136962890625,control-3,head_subset_patch,,,0.2199999988079071
