intervention,mean_answer_error,mean_correction_norm,model,source_exact_fraction
baseline,-6.0,12.651254653930664,excluded-1,0.0
raw_carry_branch,8.5,12.651254653930664,excluded-1,0.0
random_norm_matched,-4.25,12.651254653930664,excluded-1,0.0
baseline,0.0,9.288459777832031,control-1,1.0
raw_carry_branch,9.949999809265137,9.288459777832031,control-1,0.004999999888241291
random_norm_matched,-0.20000000298023224,9.288459777832031,control-1,0.7300000190734863
baseline,-10.0,13.262190818786621,excluded-2,0.0
raw_carry_branch,7.5,13.262190818786621,excluded-2,0.0
random_norm_matched,-11.449999809265137,13.262190818786621,excluded-2,0.0
baseline,0.0,12.314401626586914,control-2,1.0
raw_carry_branch,10.0,12.314401626586914,control-2,0.0
random_norm_matched,-0.30000001192092896,12.314401626586914,control-2,0.9700000286102295
baseline,-10.0,11.613469123840332,excluded-3,0.0
raw_carry_branch,10.0,11.613469123840332,excluded-3,0.0
random_norm_matched,-9.5,11.613469123840332,excluded-3,0.0
baseline,0.0,13.326654434204102,control-3,1.0
raw_carry_branch,8.449999809265137,13.326654434204102,control-3,0.1550000011920929
random_norm_matched,-0.3499999940395355,13.326654434204102,control-3,0.9049999713897705
