mean_delta_s,mlp_jvp_norm,mlp_transport_projection,model,phase,raw_tens_sum,score_jvp,source_tens_argmax_fraction
23.78888511657715,,,excluded-1,resid_mid_source_patch,8,,1.0
,1.405799388885498,1.1720914840698242,excluded-1,mlp_jvp,8,0.5285382270812988,
0.8499391674995422,,,excluded-1,resid_mid_source_patch,9,,0.0
,1.4106812477111816,1.1899778842926025,excluded-1,mlp_jvp,9,-1.13356351852417,
,0.004881858825683594,0.01788640022277832,excluded-1,raw9_minus_raw8_mlp_jvp,9,-1.6621017456054688,
15.68243408203125,,,control-1,resid_mid_source_patch,8,,1.0
,1.3285858631134033,1.0174952745437622,control-1,mlp_jvp,8,0.785675048828125,
15.43575668334961,,,control-1,resid_mid_source_patch,9,,1.0
,1.353914737701416,1.1001511812210083,control-1,mlp_jvp,9,0.3205680847167969,
,0.025328874588012695,0.0826559066772461,control-1,raw9_minus_raw8_mlp_jvp,9,-0.4651069641113281,
25.229846954345703,,,excluded-2,resid_mid_source_patch,8,,1.0
,1.3923684358596802,1.0802134275436401,excluded-2,mlp_jvp,8,0.7746624946594238,
2.8877270221710205,,,excluded-2,resid_mid_source_patch,9,,0.0
,1.3763136863708496,1.1317330598831177,excluded-2,mlp_jvp,9,-0.5368590354919434,
,-0.016054749488830566,0.05151963233947754,excluded-2,raw9_minus_raw8_mlp_jvp,9,-1.3115215301513672,
37.44931411743164,,,control-2,resid_mid_source_patch,8,,1.0
,1.563893437385559,1.185935378074646,control-2,mlp_jvp,8,0.8434342741966248,
37.43122100830078,,,control-2,resid_mid_source_patch,9,,1.0
,1.4957973957061768,1.2112895250320435,control-2,mlp_jvp,9,0.855069100856781,
,-0.06809604167938232,0.02535414695739746,control-2,raw9_minus_raw8_mlp_jvp,9,0.01163482666015625,
31.388559341430664,,,excluded-3,resid_mid_source_patch,8,,1.0
,1.3500393629074097,1.1344600915908813,excluded-3,mlp_jvp,8,1.0934782028198242,
0.09256734699010849,,,excluded-3,resid_mid_source_patch,9,,0.0
,1.3804725408554077,1.1932989358901978,excluded-3,mlp_jvp,9,-1.1368942260742188,
,0.030433177947998047,0.058838844299316406,excluded-3,raw9_minus_raw8_mlp_jvp,9,-2.230372428894043,
35.310333251953125,,,control-3,resid_mid_source_patch,8,,1.0
,1.1562224626541138,0.876711905002594,control-3,mlp_jvp,8,1.0341644287109375,
37.18115234375,,,control-3,resid_mid_source_patch,9,,1.0
,1.2440816164016724,0.988239049911499,control-3,mlp_jvp,9,0.836784839630127,
,0.0878591537475586,0.11152714490890503,control-3,raw9_minus_raw8_mlp_jvp,9,-0.19737958908081055,
