control,heads,intervention,mean_s,mean_transported_norm,model,phase,source_hook,source_tens_argmax_fraction,target_hook,target_tens_argmax_fraction
,,,-12.866032600402832,,excluded-1,baseline,,0.0,,1.0
,,zero_ablate,-13.09309196472168,,excluded-1,necessity_rescue,,0.0,,1.0
,,mean_ablate,-11.337742805480957,,excluded-1,necessity_rescue,,0.0,,1.0
,,clean_rescue,-12.866032600402832,,excluded-1,necessity_rescue,,0.0,,1.0
,,matched_source_rescue,-12.395918846130371,,excluded-1,necessity_rescue,,0.0,,1.0
,,zero_then_clean_attn_out_rescue,-12.866032600402832,,excluded-1,mediation_rescue,,0.0,,1.0
,,zero_then_matched_source_attn_out_rescue,-12.395918846130371,,excluded-1,mediation_rescue,,0.0,,1.0
0,2.1;2.3;1.0;2.2,,-12.835352897644043,,excluded-1,random_zero_ablate,,0.0,,1.0
1,2.1;3.1;2.0;2.2,,-12.799968719482422,,excluded-1,random_zero_ablate,,0.0,,1.0
2,1.0;2.2;3.3;2.1,,-12.79794692993164,,excluded-1,random_zero_ablate,,0.0,,1.0
3,1.2;3.1;2.3;2.1,,-12.660033226013184,,excluded-1,random_zero_ablate,,0.0,,1.0
4,2.0;1.1;3.1;3.2,,-12.658278465270996,,excluded-1,random_zero_ablate,,0.0,,1.0
5,2.3;1.0;3.1;1.1,,-12.705018043518066,,excluded-1,random_zero_ablate,,0.0,,1.0
6,2.1;1.3;1.0;3.3,,-12.755152702331543,,excluded-1,random_zero_ablate,,0.0,,1.0
7,3.1;1.3;3.0;2.0,,-12.762467384338379,,excluded-1,random_zero_ablate,,0.0,,1.0
8,3.1;1.1;2.3;3.3,,-12.699682235717773,,excluded-1,random_zero_ablate,,0.0,,1.0
9,3.2;2.0;2.2;1.1,,-12.621630668640137,,excluded-1,random_zero_ablate,,0.0,,1.0
,,,,2.1553795337677,excluded-1,transport,blocks.0.hook_attn_out,,blocks.0.hook_resid_post,
,,,,2.1553795337677,excluded-1,transport,blocks.0.hook_attn_out,,blocks.1.hook_resid_pre,
,,,,2.881803274154663,excluded-1,transport,blocks.0.hook_attn_out,,blocks.1.hook_resid_post,
,,,,3.2135682106018066,excluded-1,transport,blocks.0.hook_attn_out,,blocks.3.hook_resid_post,
,,,,0.9312391877174377,excluded-1,transport,blocks.0.hook_attn_out,,targeted_score,
,,,-9.2988862991333,,control-1,baseline,,0.0,,1.0
,,zero_ablate,0.6339443325996399,,control-1,necessity_rescue,,0.6150000095367432,,0.38499999046325684
,,mean_ablate,-9.360665321350098,,control-1,necessity_rescue,,0.0,,1.0
,,clean_rescue,-9.2988862991333,,control-1,necessity_rescue,,0.0,,1.0
,,matched_source_rescue,5.714254856109619,,control-1,necessity_rescue,,0.9900000095367432,,0.009999999776482582
,,zero_then_clean_attn_out_rescue,-9.2988862991333,,control-1,mediation_rescue,,0.0,,1.0
,,zero_then_matched_source_attn_out_rescue,5.714254856109619,,control-1,mediation_rescue,,0.9900000095367432,,0.009999999776482582
0,2.1;2.3;1.0;2.2,,-9.074075698852539,,control-1,random_zero_ablate,,0.0,,1.0
1,2.1;3.1;2.0;2.2,,-9.236095428466797,,control-1,random_zero_ablate,,0.0,,1.0
2,1.0;2.2;3.3;2.1,,-9.045675277709961,,control-1,random_zero_ablate,,0.0,,1.0
3,1.2;3.1;2.3;2.1,,-9.312091827392578,,control-1,random_zero_ablate,,0.0,,1.0
4,2.0;1.1;3.1;3.2,,-9.262640953063965,,control-1,random_zero_ablate,,0.0,,1.0
5,2.3;1.0;3.1;1.1,,-9.16726303100586,,control-1,random_zero_ablate,,0.0,,1.0
6,2.1;1.3;1.0;3.3,,-9.246808052062988,,control-1,random_zero_ablate,,0.0,,1.0
7,3.1;1.3;3.0;2.0,,-9.409844398498535,,control-1,random_zero_ablate,,0.0,,1.0
8,3.1;1.1;2.3;3.3,,-9.272501945495605,,control-1,random_zero_ablate,,0.0,,1.0
9,3.2;2.0;2.2;1.1,,-9.239311218261719,,control-1,random_zero_ablate,,0.0,,1.0
,,,,2.193122148513794,control-1,transport,blocks.0.hook_attn_out,,blocks.0.hook_resid_post,
,,,,2.193122148513794,control-1,transport,blocks.0.hook_attn_out,,blocks.1.hook_resid_pre,
,,,,2.9681015014648438,control-1,transport,blocks.0.hook_attn_out,,blocks.1.hook_resid_post,
,,,,2.7400970458984375,control-1,transport,blocks.0.hook_attn_out,,blocks.3.hook_resid_post,
,,,,0.3340096175670624,control-1,transport,blocks.0.hook_attn_out,,targeted_score,
,,,-15.217523574829102,,excluded-2,baseline,,0.0,,1.0
,,zero_ablate,-15.615291595458984,,excluded-2,necessity_rescue,,0.0,,1.0
,,mean_ablate,-14.566267013549805,,excluded-2,necessity_rescue,,0.0,,1.0
,,clean_rescue,-15.217523574829102,,excluded-2,necessity_rescue,,0.0,,1.0
,,matched_source_rescue,-13.099875450134277,,excluded-2,necessity_rescue,,0.0,,1.0
,,zero_then_clean_attn_out_rescue,-15.217523574829102,,excluded-2,mediation_rescue,,0.0,,1.0
,,zero_then_matched_source_attn_out_rescue,-13.099875450134277,,excluded-2,mediation_rescue,,0.0,,1.0
0,2.1;2.3;1.0;2.2,,-14.872856140136719,,excluded-2,random_zero_ablate,,0.0,,1.0
1,2.1;3.1;2.0;2.2,,-15.160958290100098,,excluded-2,random_zero_ablate,,0.0,,1.0
2,1.0;2.2;3.3;2.1,,-14.885860443115234,,excluded-2,random_zero_ablate,,0.0,,1.0
3,1.2;3.1;2.3;2.1,,-15.185677528381348,,excluded-2,random_zero_ablate,,0.0,,1.0
4,2.0;1.1;3.1;3.2,,-15.172563552856445,,excluded-2,random_zero_ablate,,0.0,,1.0
5,2.3;1.0;3.1;1.1,,-14.87337875366211,,excluded-2,random_zero_ablate,,0.0,,1.0
6,2.1;1.3;1.0;3.3,,-14.873303413391113,,excluded-2,random_zero_ablate,,0.0,,1.0
7,3.1;1.3;3.0;2.0,,-15.164350509643555,,excluded-2,random_zero_ablate,,0.0,,1.0
8,3.1;1.1;2.3;3.3,,-15.154924392700195,,excluded-2,random_zero_ablate,,0.0,,1.0
9,3.2;2.0;2.2;1.1,,-15.140519142150879,,excluded-2,random_zero_ablate,,0.0,,1.0
,,,,2.2598259449005127,excluded-2,transport,blocks.0.hook_attn_out,,blocks.0.hook_resid_post,
,,,,2.2598259449005127,excluded-2,transport,blocks.0.hook_attn_out,,blocks.1.hook_resid_pre,
,,,,2.7533721923828125,excluded-2,transport,blocks.0.hook_attn_out,,blocks.1.hook_resid_post,
,,,,1.343307375907898,excluded-2,transport,blocks.0.hook_attn_out,,blocks.3.hook_resid_post,
,,,,0.08154647797346115,excluded-2,transport,blocks.0.hook_attn_out,,targeted_score,
,,,-19.321027755737305,,control-2,baseline,,0.0,,1.0
,,zero_ablate,-12.297093391418457,,control-2,necessity_rescue,,0.054999999701976776,,0.9449999928474426
,,mean_ablate,-19.35678482055664,,control-2,necessity_rescue,,0.0,,1.0
,,clean_rescue,-19.321027755737305,,control-2,necessity_rescue,,0.0,,1.0
,,matched_source_rescue,16.944725036621094,,control-2,necessity_rescue,,1.0,,0.0
,,zero_then_clean_attn_out_rescue,-19.321027755737305,,control-2,mediation_rescue,,0.0,,1.0
,,zero_then_matched_source_attn_out_rescue,16.944725036621094,,control-2,mediation_rescue,,1.0,,0.0
0,2.1;2.3;1.0;2.2,,-19.300931930541992,,control-2,random_zero_ablate,,0.0,,1.0
1,2.1;3.1;2.0;2.2,,-19.31180191040039,,control-2,random_zero_ablate,,0.0,,1.0
2,1.0;2.2;3.3;2.1,,-19.298877716064453,,control-2,random_zero_ablate,,0.0,,1.0
3,1.2;3.1;2.3;2.1,,-19.338918685913086,,control-2,random_zero_ablate,,0.0,,1.0
4,2.0;1.1;3.1;3.2,,-19.276723861694336,,control-2,random_zero_ablate,,0.0,,1.0
5,2.3;1.0;3.1;1.1,,-19.26266860961914,,control-2,random_zero_ablate,,0.0,,1.0
6,2.1;1.3;1.0;3.3,,-19.283531188964844,,control-2,random_zero_ablate,,0.0,,1.0
7,3.1;1.3;3.0;2.0,,-19.306049346923828,,control-2,random_zero_ablate,,0.0,,1.0
8,3.1;1.1;2.3;3.3,,-19.282812118530273,,control-2,random_zero_ablate,,0.0,,1.0
9,3.2;2.0;2.2;1.1,,-19.278305053710938,,control-2,random_zero_ablate,,0.0,,1.0
,,,,2.1972405910491943,control-2,transport,blocks.0.hook_attn_out,,blocks.0.hook_resid_post,
,,,,2.1972405910491943,control-2,transport,blocks.0.hook_attn_out,,blocks.1.hook_resid_pre,
,,,,2.8195102214813232,control-2,transport,blocks.0.hook_attn_out,,blocks.1.hook_resid_post,
,,,,1.9993906021118164,control-2,transport,blocks.0.hook_attn_out,,blocks.3.hook_resid_post,
,,,,0.48160630464553833,control-2,transport,blocks.0.hook_attn_out,,targeted_score,
,,,-16.6547794342041,,excluded-3,baseline,,0.0,,1.0
,,zero_ablate,-17.241308212280273,,excluded-3,necessity_rescue,,0.0,,1.0
,,mean_ablate,-16.536134719848633,,excluded-3,necessity_rescue,,0.0,,1.0
,,clean_rescue,-16.6547794342041,,excluded-3,necessity_rescue,,0.0,,1.0
,,matched_source_rescue,-17.753047943115234,,excluded-3,necessity_rescue,,0.0,,1.0
,,zero_then_clean_attn_out_rescue,-16.6547794342041,,excluded-3,mediation_rescue,,0.0,,1.0
,,zero_then_matched_source_attn_out_rescue,-17.753047943115234,,excluded-3,mediation_rescue,,0.0,,1.0
0,2.1;2.3;1.0;2.2,,-16.649768829345703,,excluded-3,random_zero_ablate,,0.0,,1.0
1,2.1;3.1;2.0;2.2,,-16.65826988220215,,excluded-3,random_zero_ablate,,0.0,,1.0
2,1.0;2.2;3.3;2.1,,-16.658374786376953,,excluded-3,random_zero_ablate,,0.0,,1.0
3,1.2;3.1;2.3;2.1,,-16.574695587158203,,excluded-3,random_zero_ablate,,0.0,,1.0
4,2.0;1.1;3.1;3.2,,-16.646514892578125,,excluded-3,random_zero_ablate,,0.0,,1.0
5,2.3;1.0;3.1;1.1,,-16.636608123779297,,excluded-3,random_zero_ablate,,0.0,,1.0
6,2.1;1.3;1.0;3.3,,-16.628808975219727,,excluded-3,random_zero_ablate,,0.0,,1.0
7,3.1;1.3;3.0;2.0,,-16.65627670288086,,excluded-3,random_zero_ablate,,0.0,,1.0
8,3.1;1.1;2.3;3.3,,-16.60924530029297,,excluded-3,random_zero_ablate,,0.0,,1.0
9,3.2;2.0;2.2;1.1,,-16.664691925048828,,excluded-3,random_zero_ablate,,0.0,,1.0
,,,,2.1087400913238525,excluded-3,transport,blocks.0.hook_attn_out,,blocks.0.hook_resid_post,
,,,,2.1087400913238525,excluded-3,transport,blocks.0.hook_attn_out,,blocks.1.hook_resid_pre,
,,,,2.781358242034912,excluded-3,transport,blocks.0.hook_attn_out,,blocks.1.hook_resid_post,
,,,,0.7172781229019165,excluded-3,transport,blocks.0.hook_attn_out,,blocks.3.hook_resid_post,
,,,,0.08347658067941666,excluded-3,transport,blocks.0.hook_attn_out,,targeted_score,
,,,-18.218109130859375,,control-3,baseline,,0.0,,1.0
,,zero_ablate,-14.3672456741333,,control-3,necessity_rescue,,0.0,,1.0
,,mean_ablate,-18.663698196411133,,control-3,necessity_rescue,,0.0,,1.0
,,clean_rescue,-18.218109130859375,,control-3,necessity_rescue,,0.0,,1.0
,,matched_source_rescue,-6.758972644805908,,control-3,necessity_rescue,,0.2199999988079071,,0.7799999713897705
,,zero_then_clean_attn_out_rescue,-18.218109130859375,,control-3,mediation_rescue,,0.0,,1.0
,,zero_then_matched_source_attn_out_rescue,-6.758972644805908,,control-3,mediation_rescue,,0.2199999988079071,,0.7799999713897705
0,2.1;2.3;1.0;2.2,,-18.203947067260742,,control-3,random_zero_ablate,,0.0,,1.0
1,2.1;3.1;2.0;2.2,,-18.21657943725586,,control-3,random_zero_ablate,,0.0,,1.0
2,1.0;2.2;3.3;2.1,,-18.200780868530273,,control-3,random_zero_ablate,,0.0,,1.0
3,1.2;3.1;2.3;2.1,,-18.20667266845703,,control-3,random_zero_ablate,,0.0,,1.0
4,2.0;1.1;3.1;3.2,,-18.196025848388672,,control-3,random_zero_ablate,,0.0,,1.0
5,2.3;1.0;3.1;1.1,,-18.223526000976562,,control-3,random_zero_ablate,,0.0,,1.0
6,2.1;1.3;1.0;3.3,,-18.192720413208008,,control-3,random_zero_ablate,,0.0,,1.0
7,3.1;1.3;3.0;2.0,,-18.161985397338867,,control-3,random_zero_ablate,,0.0,,1.0
8,3.1;1.1;2.3;3.3,,-18.212610244750977,,control-3,random_zero_ablate,,0.0,,1.0
9,3.2;2.0;2.2;1.1,,-18.178146362304688,,control-3,random_zero_ablate,,0.0,,1.0
,,,,2.126300811767578,control-3,transport,blocks.0.hook_attn_out,,blocks.0.hook_resid_post,
,,,,2.126300811767578,control-3,transport,blocks.0.hook_attn_out,,blocks.1.hook_resid_pre,
,,,,2.980999708175659,control-3,transport,blocks.0.hook_attn_out,,blocks.1.hook_resid_post,
,,,,0.6510125994682312,control-3,transport,blocks.0.hook_attn_out,,blocks.3.hook_resid_post,
,,,,0.06914561986923218,control-3,transport,blocks.0.hook_attn_out,,targeted_score,
