control,dimension,mean_delta_s,model,phase,source_tens_argmax_fraction,subspace
,1,0.602641224861145,excluded-1,projected_sufficiency,0.0,learned
,1,0.5362970232963562,excluded-1,projected_removal,0.0,learned
0,1,-0.1322021335363388,excluded-1,projected_sufficiency,0.0,random
0,1,1.1655077934265137,excluded-1,projected_removal,0.0,random
1,1,-0.27377432584762573,excluded-1,projected_sufficiency,0.0,random
1,1,0.9668477773666382,excluded-1,projected_removal,0.0,random
2,1,0.1957225799560547,excluded-1,projected_sufficiency,0.0,random
2,1,0.7175132036209106,excluded-1,projected_removal,0.0,random
3,1,0.08844608068466187,excluded-1,projected_sufficiency,0.0,random
3,1,0.6865869164466858,excluded-1,projected_removal,0.0,random
4,1,-0.2989422082901001,excluded-1,projected_sufficiency,0.0,random
4,1,1.3162955045700073,excluded-1,projected_removal,0.0,random
5,1,-0.12142959237098694,excluded-1,projected_sufficiency,0.0,random
5,1,0.4264999330043793,excluded-1,projected_removal,0.0,random
6,1,0.26777276396751404,excluded-1,projected_sufficiency,0.0,random
6,1,0.4420037865638733,excluded-1,projected_removal,0.0,random
7,1,0.057767681777477264,excluded-1,projected_sufficiency,0.0,random
7,1,1.1782853603363037,excluded-1,projected_removal,0.0,random
8,1,0.0984245017170906,excluded-1,projected_sufficiency,0.0,random
8,1,1.2458195686340332,excluded-1,projected_removal,0.0,random
9,1,-0.11780889332294464,excluded-1,projected_sufficiency,0.0,random
9,1,0.8813682794570923,excluded-1,projected_removal,0.0,random
,2,0.7759993672370911,excluded-1,projected_sufficiency,0.0,learned
,2,0.4888043999671936,excluded-1,projected_removal,0.0,learned
0,2,-0.32860156893730164,excluded-1,projected_sufficiency,0.0,random
0,2,1.3198930025100708,excluded-1,projected_removal,0.0,random
1,2,-0.44852253794670105,excluded-1,projected_sufficiency,0.0,random
1,2,2.6585330963134766,excluded-1,projected_removal,0.0,random
2,2,-0.29966434836387634,excluded-1,projected_sufficiency,0.0,random
2,2,0.7448053956031799,excluded-1,projected_removal,0.0,random
3,2,-0.21512097120285034,excluded-1,projected_sufficiency,0.0,random
3,2,1.4824402332305908,excluded-1,projected_removal,0.0,random
4,2,-0.03533843532204628,excluded-1,projected_sufficiency,0.0,random
4,2,1.3300918340682983,excluded-1,projected_removal,0.0,random
5,2,-0.024390382692217827,excluded-1,projected_sufficiency,0.0,random
5,2,0.9286777377128601,excluded-1,projected_removal,0.0,random
6,2,-0.6599575877189636,excluded-1,projected_sufficiency,0.0,random
6,2,0.5586069822311401,excluded-1,projected_removal,0.0,random
7,2,-0.16771617531776428,excluded-1,projected_sufficiency,0.0,random
7,2,0.6907779574394226,excluded-1,projected_removal,0.0,random
8,2,-0.24855831265449524,excluded-1,projected_sufficiency,0.0,random
8,2,1.0718880891799927,excluded-1,projected_removal,0.0,random
9,2,0.0664118304848671,excluded-1,projected_sufficiency,0.0,random
9,2,0.9689863324165344,excluded-1,projected_removal,0.0,random
,4,0.8637242317199707,excluded-1,projected_sufficiency,0.0,learned
,4,0.035417817533016205,excluded-1,projected_removal,0.0,learned
0,4,-0.021234264597296715,excluded-1,projected_sufficiency,0.0,random
0,4,0.8390883803367615,excluded-1,projected_removal,0.0,random
1,4,0.37470367550849915,excluded-1,projected_sufficiency,0.0,random
1,4,1.422324776649475,excluded-1,projected_removal,0.0,random
2,4,-0.17328616976737976,excluded-1,projected_sufficiency,0.0,random
2,4,0.607358992099762,excluded-1,projected_removal,0.0,random
3,4,0.1777229756116867,excluded-1,projected_sufficiency,0.0,random
3,4,1.3591456413269043,excluded-1,projected_removal,0.0,random
4,4,0.38868674635887146,excluded-1,projected_sufficiency,0.0,random
4,4,1.534049391746521,excluded-1,projected_removal,0.0,random
5,4,-0.08666691184043884,excluded-1,projected_sufficiency,0.0,random
5,4,0.857452392578125,excluded-1,projected_removal,0.0,random
6,4,0.43323516845703125,excluded-1,projected_sufficiency,0.0,random
6,4,1.0334348678588867,excluded-1,projected_removal,0.0,random
7,4,-0.2352847307920456,excluded-1,projected_sufficiency,0.0,random
7,4,1.1140773296356201,excluded-1,projected_removal,0.0,random
8,4,0.13829420506954193,excluded-1,projected_sufficiency,0.0,random
8,4,0.5731308460235596,excluded-1,projected_removal,0.0,random
9,4,-0.17692533135414124,excluded-1,projected_sufficiency,0.0,random
9,4,0.7492511868476868,excluded-1,projected_removal,0.0,random
,8,0.9203529953956604,excluded-1,projected_sufficiency,0.0,learned
,8,-0.04766840115189552,excluded-1,projected_removal,0.0,learned
0,8,0.1180049404501915,excluded-1,projected_sufficiency,0.0,random
0,8,0.259177565574646,excluded-1,projected_removal,0.0,random
1,8,-0.1869204342365265,excluded-1,projected_sufficiency,0.0,random
1,8,1.7388746738433838,excluded-1,projected_removal,0.0,random
2,8,-0.1650175154209137,excluded-1,projected_sufficiency,0.0,random
2,8,1.4385712146759033,excluded-1,projected_removal,0.0,random
3,8,0.8768582344055176,excluded-1,projected_sufficiency,0.0,random
3,8,1.2281265258789062,excluded-1,projected_removal,0.0,random
4,8,0.24869830906391144,excluded-1,projected_sufficiency,0.0,random
4,8,0.9666993618011475,excluded-1,projected_removal,0.0,random
5,8,0.5950490832328796,excluded-1,projected_sufficiency,0.0,random
5,8,2.003683567047119,excluded-1,projected_removal,0.0,random
6,8,-0.5945712924003601,excluded-1,projected_sufficiency,0.0,random
6,8,0.6726905703544617,excluded-1,projected_removal,0.0,random
7,8,-1.178987979888916,excluded-1,projected_sufficiency,0.0,random
7,8,1.8003835678100586,excluded-1,projected_removal,0.0,random
8,8,-0.40618517994880676,excluded-1,projected_sufficiency,0.0,random
8,8,1.652766466140747,excluded-1,projected_removal,0.0,random
9,8,1.5823270082473755,excluded-1,projected_sufficiency,0.0,random
9,8,1.385648488998413,excluded-1,projected_removal,0.0,random
,16,0.9211564660072327,excluded-1,projected_sufficiency,0.0,learned
,16,-0.03555990383028984,excluded-1,projected_removal,0.0,learned
0,16,1.5229618549346924,excluded-1,projected_sufficiency,0.0,random
0,16,0.5385644435882568,excluded-1,projected_removal,0.0,random
1,16,0.2836951017379761,excluded-1,projected_sufficiency,0.0,random
1,16,0.703697144985199,excluded-1,projected_removal,0.0,random
2,16,-0.22569423913955688,excluded-1,projected_sufficiency,0.0,random
2,16,0.5539456605911255,excluded-1,projected_removal,0.0,random
3,16,-0.1299731433391571,excluded-1,projected_sufficiency,0.0,random
3,16,-0.27705618739128113,excluded-1,projected_removal,0.0,random
4,16,0.18772286176681519,excluded-1,projected_sufficiency,0.0,random
4,16,2.3196465969085693,excluded-1,projected_removal,0.0,random
5,16,-0.5461807250976562,excluded-1,projected_sufficiency,0.0,random
5,16,1.8794642686843872,excluded-1,projected_removal,0.0,random
6,16,0.12289851903915405,excluded-1,projected_sufficiency,0.0,random
6,16,1.1527444124221802,excluded-1,projected_removal,0.0,random
7,16,-0.6839309930801392,excluded-1,projected_sufficiency,0.0,random
7,16,2.4253504276275635,excluded-1,projected_removal,0.0,random
8,16,-1.5692226886749268,excluded-1,projected_sufficiency,0.0,random
8,16,1.7833255529403687,excluded-1,projected_removal,0.0,random
9,16,0.5493028163909912,excluded-1,projected_sufficiency,0.0,random
9,16,0.4421696066856384,excluded-1,projected_removal,0.0,random
,32,0.9061256647109985,excluded-1,projected_sufficiency,0.0,learned
,32,0.006008739583194256,excluded-1,projected_removal,0.0,learned
0,32,2.183546543121338,excluded-1,projected_sufficiency,0.0,random
0,32,0.34746673703193665,excluded-1,projected_removal,0.0,random
1,32,1.0714941024780273,excluded-1,projected_sufficiency,0.0,random
1,32,-0.26510781049728394,excluded-1,projected_removal,0.0,random
2,32,0.008802523836493492,excluded-1,projected_sufficiency,0.0,random
2,32,0.5916903018951416,excluded-1,projected_removal,0.0,random
3,32,1.0461492538452148,excluded-1,projected_sufficiency,0.0,random
3,32,-0.4570750296115875,excluded-1,projected_removal,0.0,random
4,32,1.2461235523223877,excluded-1,projected_sufficiency,0.0,random
4,32,0.3693464398384094,excluded-1,projected_removal,0.0,random
5,32,0.42217132449150085,excluded-1,projected_sufficiency,0.0,random
5,32,0.8370650410652161,excluded-1,projected_removal,0.0,random
6,32,-0.6989107728004456,excluded-1,projected_sufficiency,0.0,random
6,32,1.7614951133728027,excluded-1,projected_removal,0.0,random
7,32,0.3332598805427551,excluded-1,projected_sufficiency,0.0,random
7,32,3.0359292030334473,excluded-1,projected_removal,0.0,random
8,32,1.5197867155075073,excluded-1,projected_sufficiency,0.0,random
8,32,-1.5454189777374268,excluded-1,projected_removal,0.0,random
9,32,0.37444794178009033,excluded-1,projected_sufficiency,0.0,random
9,32,0.4950410723686218,excluded-1,projected_removal,0.0,random
,64,0.8945810794830322,excluded-1,projected_sufficiency,0.0,learned
,64,-0.004349441733211279,excluded-1,projected_removal,0.0,learned
0,64,-1.0700867176055908,excluded-1,projected_sufficiency,0.0,random
0,64,1.9677695035934448,excluded-1,projected_removal,0.0,random
1,64,-2.2011609077453613,excluded-1,projected_sufficiency,0.0,random
1,64,4.185185432434082,excluded-1,projected_removal,0.0,random
2,64,-0.058141328394412994,excluded-1,projected_sufficiency,0.0,random
2,64,1.2355990409851074,excluded-1,projected_removal,0.0,random
3,64,1.025502324104309,excluded-1,projected_sufficiency,0.0,random
3,64,-0.7010287642478943,excluded-1,projected_removal,0.0,random
4,64,-0.5676330327987671,excluded-1,projected_sufficiency,0.0,random
4,64,1.4427703619003296,excluded-1,projected_removal,0.0,random
5,64,-1.1065421104431152,excluded-1,projected_sufficiency,0.0,random
5,64,1.5331436395645142,excluded-1,projected_removal,0.0,random
6,64,-0.8963293433189392,excluded-1,projected_sufficiency,0.0,random
6,64,2.512871026992798,excluded-1,projected_removal,0.0,random
7,64,-0.3449583351612091,excluded-1,projected_sufficiency,0.0,random
7,64,0.4790661334991455,excluded-1,projected_removal,0.0,random
8,64,1.037132978439331,excluded-1,projected_sufficiency,0.0,random
8,64,-1.1673951148986816,excluded-1,projected_removal,0.0,random
9,64,-0.4534023404121399,excluded-1,projected_sufficiency,0.0,random
9,64,0.42737889289855957,excluded-1,projected_removal,0.0,random
,128,0.8956393599510193,excluded-1,projected_sufficiency,0.0,learned
,128,1.3303756531968247e-06,excluded-1,projected_removal,0.0,learned
0,128,0.8956348896026611,excluded-1,projected_sufficiency,0.0,random
0,128,1.4638900438512792e-06,excluded-1,projected_removal,0.0,random
1,128,0.8956384062767029,excluded-1,projected_sufficiency,0.0,random
1,128,2.4843216124281753e-06,excluded-1,projected_removal,0.0,random
2,128,0.8956376910209656,excluded-1,projected_sufficiency,0.0,random
2,128,3.8623809928139963e-07,excluded-1,projected_removal,0.0,random
3,128,0.895636796951294,excluded-1,projected_sufficiency,0.0,random
3,128,-1.840591380641854e-06,excluded-1,projected_removal,0.0,random
4,128,0.8956378102302551,excluded-1,projected_sufficiency,0.0,random
4,128,-9.679794175099232e-07,excluded-1,projected_removal,0.0,random
5,128,0.8956359028816223,excluded-1,projected_sufficiency,0.0,random
5,128,-3.33786012163273e-08,excluded-1,projected_removal,0.0,random
6,128,0.895638108253479,excluded-1,projected_sufficiency,0.0,random
6,128,2.28881845032447e-06,excluded-1,projected_removal,0.0,random
7,128,0.8956388831138611,excluded-1,projected_sufficiency,0.0,random
7,128,-2.813339108342916e-07,excluded-1,projected_removal,0.0,random
8,128,0.8956383466720581,excluded-1,projected_sufficiency,0.0,random
8,128,-7.486343633900105e-07,excluded-1,projected_removal,0.0,random
9,128,0.8956384062767029,excluded-1,projected_sufficiency,0.0,random
9,128,-1.8787384306051536e-06,excluded-1,projected_removal,0.0,random
,1,14.687507629394531,control-1,projected_sufficiency,1.0,learned
,1,0.7202093601226807,control-1,projected_removal,0.0,learned
0,1,0.15362179279327393,control-1,projected_sufficiency,0.0,random
0,1,14.959674835205078,control-1,projected_removal,1.0,random
1,1,-0.030410755425691605,control-1,projected_sufficiency,0.0,random
1,1,15.254015922546387,control-1,projected_removal,1.0,random
2,1,0.03787241876125336,control-1,projected_sufficiency,0.0,random
2,1,15.15469741821289,control-1,projected_removal,1.0,random
3,1,0.16058191657066345,control-1,projected_sufficiency,0.0,random
3,1,15.013689041137695,control-1,projected_removal,1.0,random
4,1,0.01608470268547535,control-1,projected_sufficiency,0.0,random
4,1,15.101043701171875,control-1,projected_removal,1.0,random
5,1,-0.12391866743564606,control-1,projected_sufficiency,0.0,random
5,1,14.664961814880371,control-1,projected_removal,1.0,random
6,1,0.3914633095264435,control-1,projected_sufficiency,0.0,random
6,1,14.114411354064941,control-1,projected_removal,0.9950000047683716,random
7,1,-0.04892243444919586,control-1,projected_sufficiency,0.0,random
7,1,15.21982192993164,control-1,projected_removal,1.0,random
8,1,-0.03601608797907829,control-1,projected_sufficiency,0.0,random
8,1,15.645713806152344,control-1,projected_removal,1.0,random
9,1,0.03088923543691635,control-1,projected_sufficiency,0.0,random
9,1,15.13351821899414,control-1,projected_removal,1.0,random
,2,15.03999137878418,control-1,projected_sufficiency,1.0,learned
,2,0.36112961173057556,control-1,projected_removal,0.0,learned
0,2,0.03888832405209541,control-1,projected_sufficiency,0.0,random
0,2,14.970280647277832,control-1,projected_removal,1.0,random
1,2,0.02567286789417267,control-1,projected_sufficiency,0.0,random
1,2,15.998590469360352,control-1,projected_removal,1.0,random
2,2,-0.04762618988752365,control-1,projected_sufficiency,0.0,random
2,2,15.142918586730957,control-1,projected_removal,1.0,random
3,2,-0.32202935218811035,control-1,projected_sufficiency,0.0,random
3,2,15.573882102966309,control-1,projected_removal,1.0,random
4,2,0.21362793445587158,control-1,projected_sufficiency,0.0,random
4,2,15.327292442321777,control-1,projected_removal,1.0,random
5,2,-0.06325984001159668,control-1,projected_sufficiency,0.0,random
5,2,15.09444808959961,control-1,projected_removal,1.0,random
6,2,0.7374494671821594,control-1,projected_sufficiency,0.0,random
6,2,14.673757553100586,control-1,projected_removal,1.0,random
7,2,0.08477416634559631,control-1,projected_sufficiency,0.0,random
7,2,14.203782081604004,control-1,projected_removal,0.9900000095367432,random
8,2,0.13899089395999908,control-1,projected_sufficiency,0.0,random
8,2,14.972223281860352,control-1,projected_removal,1.0,random
9,2,0.16870969533920288,control-1,projected_sufficiency,0.0,random
9,2,15.304967880249023,control-1,projected_removal,1.0,random
,4,15.19985580444336,control-1,projected_sufficiency,1.0,learned
,4,0.1447371244430542,control-1,projected_removal,0.0,learned
0,4,0.24825185537338257,control-1,projected_sufficiency,0.0,random
0,4,15.217782974243164,control-1,projected_removal,1.0,random
1,4,0.14453481137752533,control-1,projected_sufficiency,0.0,random
1,4,15.214266777038574,control-1,projected_removal,1.0,random
2,4,0.5427467823028564,control-1,projected_sufficiency,0.0,random
2,4,14.5888032913208,control-1,projected_removal,1.0,random
3,4,0.04017401859164238,control-1,projected_sufficiency,0.0,random
3,4,15.317203521728516,control-1,projected_removal,1.0,random
4,4,0.3268143832683563,control-1,projected_sufficiency,0.0,random
4,4,15.21752643585205,control-1,projected_removal,1.0,random
5,4,0.05236959457397461,control-1,projected_sufficiency,0.0,random
5,4,14.892534255981445,control-1,projected_removal,1.0,random
6,4,0.1587231606245041,control-1,projected_sufficiency,0.0,random
6,4,14.827387809753418,control-1,projected_removal,1.0,random
7,4,0.597637951374054,control-1,projected_sufficiency,0.0,random
7,4,14.962606430053711,control-1,projected_removal,1.0,random
8,4,1.2452411651611328,control-1,projected_sufficiency,0.0,random
8,4,13.608930587768555,control-1,projected_removal,0.9800000190734863,random
9,4,0.08052433282136917,control-1,projected_sufficiency,0.0,random
9,4,14.623115539550781,control-1,projected_removal,0.9950000047683716,random
,8,15.260871887207031,control-1,projected_sufficiency,1.0,learned
,8,0.026930509135127068,control-1,projected_removal,0.0,learned
0,8,0.6608083844184875,control-1,projected_sufficiency,0.0,random
0,8,14.45638656616211,control-1,projected_removal,1.0,random
1,8,1.090136170387268,control-1,projected_sufficiency,0.0,random
1,8,14.725506782531738,control-1,projected_removal,0.9950000047683716,random
2,8,-0.27350449562072754,control-1,projected_sufficiency,0.0,random
2,8,14.852699279785156,control-1,projected_removal,1.0,random
3,8,0.6054418683052063,control-1,projected_sufficiency,0.0,random
3,8,14.948066711425781,control-1,projected_removal,1.0,random
4,8,0.7689052820205688,control-1,projected_sufficiency,0.0,random
4,8,15.004456520080566,control-1,projected_removal,1.0,random
5,8,1.6608824729919434,control-1,projected_sufficiency,0.0,random
5,8,14.162425994873047,control-1,projected_removal,0.9800000190734863,random
6,8,0.2953552305698395,control-1,projected_sufficiency,0.0,random
6,8,14.75475788116455,control-1,projected_removal,1.0,random
7,8,-0.20389333367347717,control-1,projected_sufficiency,0.0,random
7,8,15.976550102233887,control-1,projected_removal,1.0,random
8,8,0.7912666201591492,control-1,projected_sufficiency,0.0,random
8,8,14.2044038772583,control-1,projected_removal,1.0,random
9,8,1.238868236541748,control-1,projected_sufficiency,0.0,random
9,8,15.46728515625,control-1,projected_removal,1.0,random
,16,15.180511474609375,control-1,projected_sufficiency,1.0,learned
,16,-0.010412679053843021,control-1,projected_removal,0.0,learned
0,16,3.1625282764434814,control-1,projected_sufficiency,0.0,random
0,16,10.953124046325684,control-1,projected_removal,0.7649999856948853,random
1,16,1.1393226385116577,control-1,projected_sufficiency,0.0,random
1,16,14.190866470336914,control-1,projected_removal,0.9950000047683716,random
2,16,2.914259433746338,control-1,projected_sufficiency,0.0,random
2,16,12.236130714416504,control-1,projected_removal,0.949999988079071,random
3,16,0.017293885350227356,control-1,projected_sufficiency,0.0,random
3,16,14.853830337524414,control-1,projected_removal,1.0,random
4,16,-0.3809766471385956,control-1,projected_sufficiency,0.0,random
4,16,16.045204162597656,control-1,projected_removal,1.0,random
5,16,0.647128164768219,control-1,projected_sufficiency,0.0,random
5,16,13.31179428100586,control-1,projected_removal,0.9599999785423279,random
6,16,1.7314013242721558,control-1,projected_sufficiency,0.0,random
6,16,14.38742446899414,control-1,projected_removal,1.0,random
7,16,1.7678145170211792,control-1,projected_sufficiency,0.0,random
7,16,15.016374588012695,control-1,projected_removal,1.0,random
8,16,2.9738364219665527,control-1,projected_sufficiency,0.0,random
8,16,12.85748291015625,control-1,projected_removal,0.949999988079071,random
9,16,2.0977165699005127,control-1,projected_sufficiency,0.0,random
9,16,14.547571182250977,control-1,projected_removal,1.0,random
,32,15.17577838897705,control-1,projected_sufficiency,1.0,learned
,32,-0.04023366793990135,control-1,projected_removal,0.0,learned
0,32,5.117069244384766,control-1,projected_sufficiency,0.0,random
0,32,8.797850608825684,control-1,projected_removal,0.4449999928474426,random
1,32,3.050391912460327,control-1,projected_sufficiency,0.0,random
1,32,12.18249797821045,control-1,projected_removal,0.9300000071525574,random
2,32,4.156729698181152,control-1,projected_sufficiency,0.0,random
2,32,11.005502700805664,control-1,projected_removal,0.7549999952316284,random
3,32,4.540353775024414,control-1,projected_sufficiency,0.02500000037252903,random
3,32,9.088822364807129,control-1,projected_removal,0.4950000047683716,random
4,32,2.431985378265381,control-1,projected_sufficiency,0.0,random
4,32,12.215483665466309,control-1,projected_removal,0.8700000047683716,random
5,32,5.079422473907471,control-1,projected_sufficiency,0.08500000089406967,random
5,32,10.08092975616455,control-1,projected_removal,0.6800000071525574,random
6,32,2.6996147632598877,control-1,projected_sufficiency,0.0,random
6,32,12.123444557189941,control-1,projected_removal,0.9300000071525574,random
7,32,1.297844648361206,control-1,projected_sufficiency,0.0,random
7,32,14.25838851928711,control-1,projected_removal,1.0,random
8,32,3.4151785373687744,control-1,projected_sufficiency,0.0,random
8,32,12.234484672546387,control-1,projected_removal,0.9100000262260437,random
9,32,3.795742988586426,control-1,projected_sufficiency,0.014999999664723873,random
9,32,10.528486251831055,control-1,projected_removal,0.7200000286102295,random
,64,15.183929443359375,control-1,projected_sufficiency,1.0,learned
,64,-0.012152953073382378,control-1,projected_removal,0.0,learned
0,64,4.84428596496582,control-1,projected_sufficiency,0.0,random
0,64,9.561247825622559,control-1,projected_removal,0.5149999856948853,random
1,64,4.8705973625183105,control-1,projected_sufficiency,0.0,random
1,64,9.127713203430176,control-1,projected_removal,0.4050000011920929,random
2,64,11.776130676269531,control-1,projected_sufficiency,0.8600000143051147,random
2,64,3.083430528640747,control-1,projected_removal,0.004999999888241291,random
3,64,10.700383186340332,control-1,projected_sufficiency,0.6650000214576721,random
3,64,3.835320472717285,control-1,projected_removal,0.0,random
4,64,5.062930583953857,control-1,projected_sufficiency,0.03500000014901161,random
4,64,9.369799613952637,control-1,projected_removal,0.44999998807907104,random
5,64,6.038057804107666,control-1,projected_sufficiency,0.0949999988079071,random
5,64,7.847065448760986,control-1,projected_removal,0.30000001192092896,random
6,64,5.254884243011475,control-1,projected_sufficiency,0.009999999776482582,random
6,64,9.548685073852539,control-1,projected_removal,0.574999988079071,random
7,64,2.8788723945617676,control-1,projected_sufficiency,0.0,random
7,64,11.247225761413574,control-1,projected_removal,0.7749999761581421,random
8,64,9.944372177124023,control-1,projected_sufficiency,0.5950000286102295,random
8,64,4.313117504119873,control-1,projected_removal,0.0,random
9,64,5.921658992767334,control-1,projected_sufficiency,0.029999999329447746,random
9,64,8.214067459106445,control-1,projected_removal,0.3100000023841858,random
,128,15.153777122497559,control-1,projected_sufficiency,1.0,learned
,128,1.785755102901021e-06,control-1,projected_removal,0.0,learned
0,128,15.153778076171875,control-1,projected_sufficiency,1.0,random
0,128,-6.580352760465757e-07,control-1,projected_removal,0.0,random
1,128,15.15377426147461,control-1,projected_sufficiency,1.0,random
1,128,2.5892256871884456e-06,control-1,projected_removal,0.0,random
2,128,15.153778076171875,control-1,projected_sufficiency,1.0,random
2,128,1.76429750808893e-07,control-1,projected_removal,0.0,random
3,128,15.15377426147461,control-1,projected_sufficiency,1.0,random
3,128,9.846687589742942e-07,control-1,projected_removal,0.0,random
4,128,15.153778076171875,control-1,projected_sufficiency,1.0,random
4,128,-4.76837147544984e-09,control-1,projected_removal,0.0,random
5,128,15.153778076171875,control-1,projected_sufficiency,1.0,random
5,128,-6.985664526837354e-07,control-1,projected_removal,0.0,random
6,128,15.15377426147461,control-1,projected_sufficiency,1.0,random
6,128,1.1920928955078125e-06,control-1,projected_removal,0.0,random
7,128,15.153775215148926,control-1,projected_sufficiency,1.0,random
7,128,5.054473604104714e-07,control-1,projected_removal,0.0,random
8,128,15.153775215148926,control-1,projected_sufficiency,1.0,random
8,128,-4.673004241340095e-07,control-1,projected_removal,0.0,random
9,128,15.153778076171875,control-1,projected_sufficiency,1.0,random
9,128,-1.182556161438697e-06,control-1,projected_removal,0.0,random
,1,2.500354528427124,excluded-2,projected_sufficiency,0.0,learned
,1,-0.0033221817575395107,excluded-2,projected_removal,0.0,learned
0,1,0.09537357091903687,excluded-2,projected_sufficiency,0.0,random
0,1,2.4386935234069824,excluded-2,projected_removal,0.0,random
1,1,0.09937099367380142,excluded-2,projected_sufficiency,0.0,random
1,1,2.4876022338867188,excluded-2,projected_removal,0.0,random
2,1,-0.040247224271297455,excluded-2,projected_sufficiency,0.0,random
2,1,2.7616336345672607,excluded-2,projected_removal,0.0,random
3,1,-0.001684961374849081,excluded-2,projected_sufficiency,0.0,random
3,1,2.704794406890869,excluded-2,projected_removal,0.0,random
4,1,-0.4135907292366028,excluded-2,projected_sufficiency,0.0,random
4,1,3.0990712642669678,excluded-2,projected_removal,0.0,random
5,1,0.07876183092594147,excluded-2,projected_sufficiency,0.0,random
5,1,2.8671278953552246,excluded-2,projected_removal,0.0,random
6,1,-0.006803484167903662,excluded-2,projected_sufficiency,0.0,random
6,1,2.7876343727111816,excluded-2,projected_removal,0.0,random
7,1,0.029233550652861595,excluded-2,projected_sufficiency,0.0,random
7,1,2.8329532146453857,excluded-2,projected_removal,0.0,random
8,1,-0.05198860540986061,excluded-2,projected_sufficiency,0.0,random
8,1,2.7964179515838623,excluded-2,projected_removal,0.0,random
9,1,-0.031807951629161835,excluded-2,projected_sufficiency,0.0,random
9,1,2.7306787967681885,excluded-2,projected_removal,0.0,random
,2,2.552333116531372,excluded-2,projected_sufficiency,0.0,learned
,2,-0.04584084451198578,excluded-2,projected_removal,0.0,learned
0,2,0.14449790120124817,excluded-2,projected_sufficiency,0.0,random
0,2,2.207587242126465,excluded-2,projected_removal,0.0,random
1,2,0.029512858018279076,excluded-2,projected_sufficiency,0.0,random
1,2,2.9235363006591797,excluded-2,projected_removal,0.0,random
2,2,-0.09355169534683228,excluded-2,projected_sufficiency,0.0,random
2,2,2.8703315258026123,excluded-2,projected_removal,0.0,random
3,2,-0.0680353045463562,excluded-2,projected_sufficiency,0.0,random
3,2,2.8030407428741455,excluded-2,projected_removal,0.0,random
4,2,0.23471088707447052,excluded-2,projected_sufficiency,0.0,random
4,2,2.6253910064697266,excluded-2,projected_removal,0.0,random
5,2,-0.43814894556999207,excluded-2,projected_sufficiency,0.0,random
5,2,2.708080530166626,excluded-2,projected_removal,0.0,random
6,2,-0.04161180183291435,excluded-2,projected_sufficiency,0.0,random
6,2,2.4786429405212402,excluded-2,projected_removal,0.0,random
7,2,0.18233150243759155,excluded-2,projected_sufficiency,0.0,random
7,2,2.4388580322265625,excluded-2,projected_removal,0.0,random
8,2,-0.008196448907256126,excluded-2,projected_sufficiency,0.0,random
8,2,2.803570032119751,excluded-2,projected_removal,0.0,random
9,2,0.2502046823501587,excluded-2,projected_sufficiency,0.0,random
9,2,2.609917402267456,excluded-2,projected_removal,0.0,random
,4,2.665205955505371,excluded-2,projected_sufficiency,0.0,learned
,4,0.01182416919618845,excluded-2,projected_removal,0.0,learned
0,4,-0.25981366634368896,excluded-2,projected_sufficiency,0.0,random
0,4,2.992455244064331,excluded-2,projected_removal,0.0,random
1,4,0.07048049569129944,excluded-2,projected_sufficiency,0.0,random
1,4,2.6501007080078125,excluded-2,projected_removal,0.0,random
2,4,0.25053298473358154,excluded-2,projected_sufficiency,0.0,random
2,4,2.234415292739868,excluded-2,projected_removal,0.0,random
3,4,0.3126281797885895,excluded-2,projected_sufficiency,0.0,random
3,4,2.807608127593994,excluded-2,projected_removal,0.0,random
4,4,0.5827078819274902,excluded-2,projected_sufficiency,0.0,random
4,4,2.560925245285034,excluded-2,projected_removal,0.0,random
5,4,-0.11968797445297241,excluded-2,projected_sufficiency,0.0,random
5,4,3.422325372695923,excluded-2,projected_removal,0.0,random
6,4,0.26891010999679565,excluded-2,projected_sufficiency,0.0,random
6,4,2.567430019378662,excluded-2,projected_removal,0.0,random
7,4,0.7990115284919739,excluded-2,projected_sufficiency,0.0,random
7,4,1.6073263883590698,excluded-2,projected_removal,0.0,random
8,4,-0.3564201295375824,excluded-2,projected_sufficiency,0.0,random
8,4,2.7414281368255615,excluded-2,projected_removal,0.0,random
9,4,-0.3601740300655365,excluded-2,projected_sufficiency,0.0,random
9,4,1.7772893905639648,excluded-2,projected_removal,0.0,random
,8,2.736198663711548,excluded-2,projected_sufficiency,0.0,learned
,8,0.011486516334116459,excluded-2,projected_removal,0.0,learned
0,8,0.22594177722930908,excluded-2,projected_sufficiency,0.0,random
0,8,3.7834339141845703,excluded-2,projected_removal,0.0,random
1,8,-0.6079118847846985,excluded-2,projected_sufficiency,0.0,random
1,8,3.0074594020843506,excluded-2,projected_removal,0.0,random
2,8,-0.03653735667467117,excluded-2,projected_sufficiency,0.0,random
2,8,3.464043378829956,excluded-2,projected_removal,0.0,random
3,8,1.1943693161010742,excluded-2,projected_sufficiency,0.0,random
3,8,1.841314435005188,excluded-2,projected_removal,0.0,random
4,8,0.7458347082138062,excluded-2,projected_sufficiency,0.0,random
4,8,2.9662630558013916,excluded-2,projected_removal,0.0,random
5,8,0.8640905618667603,excluded-2,projected_sufficiency,0.0,random
5,8,2.3830878734588623,excluded-2,projected_removal,0.0,random
6,8,0.30773234367370605,excluded-2,projected_sufficiency,0.0,random
6,8,2.9485535621643066,excluded-2,projected_removal,0.0,random
7,8,0.02823954075574875,excluded-2,projected_sufficiency,0.0,random
7,8,3.1633782386779785,excluded-2,projected_removal,0.0,random
8,8,-0.10998494178056717,excluded-2,projected_sufficiency,0.0,random
8,8,3.185234308242798,excluded-2,projected_removal,0.0,random
9,8,0.1395031213760376,excluded-2,projected_sufficiency,0.0,random
9,8,1.9141000509262085,excluded-2,projected_removal,0.0,random
,16,2.729174852371216,excluded-2,projected_sufficiency,0.0,learned
,16,0.036401309072971344,excluded-2,projected_removal,0.0,learned
0,16,-0.01637650467455387,excluded-2,projected_sufficiency,0.0,random
0,16,3.0498437881469727,excluded-2,projected_removal,0.0,random
1,16,-0.7449225783348083,excluded-2,projected_sufficiency,0.0,random
1,16,2.2136952877044678,excluded-2,projected_removal,0.0,random
2,16,0.9842237830162048,excluded-2,projected_sufficiency,0.0,random
2,16,2.1831769943237305,excluded-2,projected_removal,0.0,random
3,16,2.754451274871826,excluded-2,projected_sufficiency,0.0,random
3,16,1.2705885171890259,excluded-2,projected_removal,0.0,random
4,16,0.06580650061368942,excluded-2,projected_sufficiency,0.0,random
4,16,2.426091194152832,excluded-2,projected_removal,0.0,random
5,16,0.5834465622901917,excluded-2,projected_sufficiency,0.0,random
5,16,2.228530168533325,excluded-2,projected_removal,0.0,random
6,16,0.5785795450210571,excluded-2,projected_sufficiency,0.0,random
6,16,2.1695525646209717,excluded-2,projected_removal,0.0,random
7,16,0.10739175975322723,excluded-2,projected_sufficiency,0.0,random
7,16,3.125647783279419,excluded-2,projected_removal,0.0,random
8,16,0.8422347903251648,excluded-2,projected_sufficiency,0.0,random
8,16,1.0153006315231323,excluded-2,projected_removal,0.0,random
9,16,1.1722791194915771,excluded-2,projected_sufficiency,0.0,random
9,16,1.72542142868042,excluded-2,projected_removal,0.0,random
,32,2.74269437789917,excluded-2,projected_sufficiency,0.0,learned
,32,0.013014888390898705,excluded-2,projected_removal,0.0,learned
0,32,1.31056547164917,excluded-2,projected_sufficiency,0.0,random
0,32,1.648299217224121,excluded-2,projected_removal,0.0,random
1,32,1.1097722053527832,excluded-2,projected_sufficiency,0.0,random
1,32,1.5544172525405884,excluded-2,projected_removal,0.0,random
2,32,1.047054409980774,excluded-2,projected_sufficiency,0.0,random
2,32,1.5987679958343506,excluded-2,projected_removal,0.0,random
3,32,1.3700592517852783,excluded-2,projected_sufficiency,0.0,random
3,32,1.8961923122406006,excluded-2,projected_removal,0.0,random
4,32,0.19743598997592926,excluded-2,projected_sufficiency,0.0,random
4,32,3.4564099311828613,excluded-2,projected_removal,0.0,random
5,32,0.4725269377231598,excluded-2,projected_sufficiency,0.0,random
5,32,4.792940616607666,excluded-2,projected_removal,0.0,random
6,32,2.4675192832946777,excluded-2,projected_sufficiency,0.0,random
6,32,2.689854621887207,excluded-2,projected_removal,0.0,random
7,32,1.3781898021697998,excluded-2,projected_sufficiency,0.0,random
7,32,1.558461308479309,excluded-2,projected_removal,0.0,random
8,32,0.45498380064964294,excluded-2,projected_sufficiency,0.0,random
8,32,3.638199806213379,excluded-2,projected_removal,0.0,random
9,32,0.874538242816925,excluded-2,projected_sufficiency,0.0,random
9,32,2.639183282852173,excluded-2,projected_removal,0.0,random
,64,2.748136281967163,excluded-2,projected_sufficiency,0.0,learned
,64,0.0024878215044736862,excluded-2,projected_removal,0.0,learned
0,64,3.846163272857666,excluded-2,projected_sufficiency,0.0,random
0,64,0.7577008605003357,excluded-2,projected_removal,0.0,random
1,64,1.9342864751815796,excluded-2,projected_sufficiency,0.0,random
1,64,0.6789880990982056,excluded-2,projected_removal,0.0,random
2,64,1.3777437210083008,excluded-2,projected_sufficiency,0.0,random
2,64,1.7198092937469482,excluded-2,projected_removal,0.0,random
3,64,0.3518908619880676,excluded-2,projected_sufficiency,0.0,random
3,64,1.7422066926956177,excluded-2,projected_removal,0.0,random
4,64,1.4749523401260376,excluded-2,projected_sufficiency,0.0,random
4,64,1.4540448188781738,excluded-2,projected_removal,0.0,random
5,64,1.4653195142745972,excluded-2,projected_sufficiency,0.0,random
5,64,1.3097513914108276,excluded-2,projected_removal,0.0,random
6,64,0.8702842593193054,excluded-2,projected_sufficiency,0.0,random
6,64,1.6470909118652344,excluded-2,projected_removal,0.0,random
7,64,0.4097342789173126,excluded-2,projected_sufficiency,0.0,random
7,64,2.9751861095428467,excluded-2,projected_removal,0.0,random
8,64,1.3497809171676636,excluded-2,projected_sufficiency,0.0,random
8,64,1.6438000202178955,excluded-2,projected_removal,0.0,random
9,64,-0.452097088098526,excluded-2,projected_sufficiency,0.0,random
9,64,2.2063775062561035,excluded-2,projected_removal,0.0,random
,128,2.747659206390381,excluded-2,projected_sufficiency,0.0,learned
,128,1.3351440202313825e-06,excluded-2,projected_removal,0.0,learned
0,128,2.747657537460327,excluded-2,projected_sufficiency,0.0,random
0,128,1.058578504853358e-06,excluded-2,projected_removal,0.0,random
1,128,2.74765682220459,excluded-2,projected_sufficiency,0.0,random
1,128,4.863738922722405e-07,excluded-2,projected_removal,0.0,random
2,128,2.7476577758789062,excluded-2,projected_sufficiency,0.0,random
2,128,-1.4877318790240679e-06,excluded-2,projected_removal,0.0,random
3,128,2.747659921646118,excluded-2,projected_sufficiency,0.0,random
3,128,-6.818771112193645e-07,excluded-2,projected_removal,0.0,random
4,128,2.747659921646118,excluded-2,projected_sufficiency,0.0,random
4,128,7.24792471373803e-07,excluded-2,projected_removal,0.0,random
5,128,2.7476587295532227,excluded-2,projected_sufficiency,0.0,random
5,128,1.4781952017983713e-07,excluded-2,projected_removal,0.0,random
6,128,2.747657537460327,excluded-2,projected_sufficiency,0.0,random
6,128,8.440017609245842e-07,excluded-2,projected_removal,0.0,random
7,128,2.7476577758789062,excluded-2,projected_sufficiency,0.0,random
7,128,-1.1777877944041393e-06,excluded-2,projected_removal,0.0,random
8,128,2.7476587295532227,excluded-2,projected_sufficiency,0.0,random
8,128,3.4332276754867053e-07,excluded-2,projected_removal,0.0,random
9,128,2.747659206390381,excluded-2,projected_sufficiency,0.0,random
9,128,1.0967254837623841e-07,excluded-2,projected_removal,0.0,random
,1,37.02199935913086,control-2,projected_sufficiency,1.0,learned
,1,0.6097768545150757,control-2,projected_removal,0.0,learned
0,1,0.2900008261203766,control-2,projected_sufficiency,0.0,random
0,1,36.928375244140625,control-2,projected_removal,1.0,random
1,1,0.020133256912231445,control-2,projected_sufficiency,0.0,random
1,1,37.34854507446289,control-2,projected_removal,1.0,random
2,1,-0.015055770985782146,control-2,projected_sufficiency,0.0,random
2,1,37.329200744628906,control-2,projected_removal,1.0,random
3,1,0.051784075796604156,control-2,projected_sufficiency,0.0,random
3,1,37.410728454589844,control-2,projected_removal,1.0,random
4,1,0.006763906683772802,control-2,projected_sufficiency,0.0,random
4,1,37.3456916809082,control-2,projected_removal,1.0,random
5,1,0.6814540028572083,control-2,projected_sufficiency,0.0,random
5,1,36.984432220458984,control-2,projected_removal,1.0,random
6,1,0.38261547684669495,control-2,projected_sufficiency,0.0,random
6,1,36.617034912109375,control-2,projected_removal,1.0,random
7,1,0.019162245094776154,control-2,projected_sufficiency,0.0,random
7,1,37.391475677490234,control-2,projected_removal,1.0,random
8,1,0.06984047591686249,control-2,projected_sufficiency,0.0,random
8,1,37.1449089050293,control-2,projected_removal,1.0,random
9,1,-0.1152971014380455,control-2,projected_sufficiency,0.0,random
9,1,37.153995513916016,control-2,projected_removal,1.0,random
,2,37.13371276855469,control-2,projected_sufficiency,1.0,learned
,2,0.471090167760849,control-2,projected_removal,0.0,learned
0,2,-0.23214352130889893,control-2,projected_sufficiency,0.0,random
0,2,36.865875244140625,control-2,projected_removal,1.0,random
1,2,-0.026726093143224716,control-2,projected_sufficiency,0.0,random
1,2,37.347740173339844,control-2,projected_removal,1.0,random
2,2,-0.081251360476017,control-2,projected_sufficiency,0.0,random
2,2,37.063072204589844,control-2,projected_removal,1.0,random
3,2,0.09407448023557663,control-2,projected_sufficiency,0.0,random
3,2,37.309574127197266,control-2,projected_removal,1.0,random
4,2,0.521690845489502,control-2,projected_sufficiency,0.0,random
4,2,36.442237854003906,control-2,projected_removal,1.0,random
5,2,-0.14389273524284363,control-2,projected_sufficiency,0.0,random
5,2,37.15443420410156,control-2,projected_removal,1.0,random
6,2,0.9183128476142883,control-2,projected_sufficiency,0.0,random
6,2,36.538692474365234,control-2,projected_removal,1.0,random
7,2,-0.18301087617874146,control-2,projected_sufficiency,0.0,random
7,2,37.000328063964844,control-2,projected_removal,1.0,random
8,2,0.026540355756878853,control-2,projected_sufficiency,0.0,random
8,2,37.326454162597656,control-2,projected_removal,1.0,random
9,2,0.5695236325263977,control-2,projected_sufficiency,0.0,random
9,2,36.71548843383789,control-2,projected_removal,1.0,random
,4,37.30855941772461,control-2,projected_sufficiency,1.0,learned
,4,0.09950032085180283,control-2,projected_removal,0.0,learned
0,4,-0.23815998435020447,control-2,projected_sufficiency,0.0,random
0,4,37.35848617553711,control-2,projected_removal,1.0,random
1,4,-0.05832846462726593,control-2,projected_sufficiency,0.0,random
1,4,37.24460983276367,control-2,projected_removal,1.0,random
2,4,0.49652716517448425,control-2,projected_sufficiency,0.0,random
2,4,37.03301239013672,control-2,projected_removal,1.0,random
3,4,0.8648454546928406,control-2,projected_sufficiency,0.0,random
3,4,36.492671966552734,control-2,projected_removal,1.0,random
4,4,2.0939884185791016,control-2,projected_sufficiency,0.0,random
4,4,34.83213424682617,control-2,projected_removal,1.0,random
5,4,-0.18893711268901825,control-2,projected_sufficiency,0.0,random
5,4,38.20556640625,control-2,projected_removal,1.0,random
6,4,0.11016100645065308,control-2,projected_sufficiency,0.0,random
6,4,36.741031646728516,control-2,projected_removal,1.0,random
7,4,0.928088903427124,control-2,projected_sufficiency,0.0,random
7,4,35.88507843017578,control-2,projected_removal,1.0,random
8,4,0.030464209616184235,control-2,projected_sufficiency,0.0,random
8,4,36.82133483886719,control-2,projected_removal,1.0,random
9,4,-0.09830515086650848,control-2,projected_sufficiency,0.0,random
9,4,36.44283676147461,control-2,projected_removal,1.0,random
,8,37.335655212402344,control-2,projected_sufficiency,1.0,learned
,8,-0.005423211958259344,control-2,projected_removal,0.0,learned
0,8,0.1857336014509201,control-2,projected_sufficiency,0.0,random
0,8,37.6003303527832,control-2,projected_removal,1.0,random
1,8,0.35894638299942017,control-2,projected_sufficiency,0.0,random
1,8,34.8528938293457,control-2,projected_removal,1.0,random
2,8,0.6860272884368896,control-2,projected_sufficiency,0.0,random
2,8,37.483665466308594,control-2,projected_removal,1.0,random
3,8,1.720189094543457,control-2,projected_sufficiency,0.0,random
3,8,35.826568603515625,control-2,projected_removal,1.0,random
4,8,2.088041305541992,control-2,projected_sufficiency,0.0,random
4,8,35.24504089355469,control-2,projected_removal,1.0,random
5,8,1.8604366779327393,control-2,projected_sufficiency,0.0,random
5,8,35.51534652709961,control-2,projected_removal,1.0,random
6,8,2.148879051208496,control-2,projected_sufficiency,0.0,random
6,8,34.251441955566406,control-2,projected_removal,1.0,random
7,8,0.7305828332901001,control-2,projected_sufficiency,0.0,random
7,8,36.69514465332031,control-2,projected_removal,1.0,random
8,8,1.2538046836853027,control-2,projected_sufficiency,0.0,random
8,8,36.419639587402344,control-2,projected_removal,1.0,random
9,8,1.0884791612625122,control-2,projected_sufficiency,0.0,random
9,8,33.893226623535156,control-2,projected_removal,1.0,random
,16,37.32463073730469,control-2,projected_sufficiency,1.0,learned
,16,0.015877103433012962,control-2,projected_removal,0.0,learned
0,16,2.442965507507324,control-2,projected_sufficiency,0.0,random
0,16,34.594451904296875,control-2,projected_removal,1.0,random
1,16,0.5349368453025818,control-2,projected_sufficiency,0.0,random
1,16,32.51908493041992,control-2,projected_removal,1.0,random
2,16,1.7638567686080933,control-2,projected_sufficiency,0.0,random
2,16,37.05294418334961,control-2,projected_removal,1.0,random
3,16,10.168251037597656,control-2,projected_sufficiency,0.0,random
3,16,26.19768524169922,control-2,projected_removal,0.9950000047683716,random
4,16,2.2564544677734375,control-2,projected_sufficiency,0.0,random
4,16,35.42582321166992,control-2,projected_removal,1.0,random
5,16,0.9976362586021423,control-2,projected_sufficiency,0.0,random
5,16,34.485939025878906,control-2,projected_removal,1.0,random
6,16,3.677872896194458,control-2,projected_sufficiency,0.0,random
6,16,32.98225021362305,control-2,projected_removal,1.0,random
7,16,1.149280071258545,control-2,projected_sufficiency,0.0,random
7,16,35.14857482910156,control-2,projected_removal,1.0,random
8,16,3.177722454071045,control-2,projected_sufficiency,0.0,random
8,16,33.01056671142578,control-2,projected_removal,1.0,random
9,16,2.8181076049804688,control-2,projected_sufficiency,0.0,random
9,16,33.123626708984375,control-2,projected_removal,1.0,random
,32,37.351348876953125,control-2,projected_sufficiency,1.0,learned
,32,0.016160326078534126,control-2,projected_removal,0.0,learned
0,32,4.473933219909668,control-2,projected_sufficiency,0.0,random
0,32,32.96915054321289,control-2,projected_removal,1.0,random
1,32,4.610327243804932,control-2,projected_sufficiency,0.0,random
1,32,30.184579849243164,control-2,projected_removal,1.0,random
2,32,11.623514175415039,control-2,projected_sufficiency,0.014999999664723873,random
2,32,21.0238037109375,control-2,projected_removal,0.7099999785423279,random
3,32,2.2051703929901123,control-2,projected_sufficiency,0.0,random
3,32,33.5179557800293,control-2,projected_removal,1.0,random
4,32,2.223461151123047,control-2,projected_sufficiency,0.0,random
4,32,31.820768356323242,control-2,projected_removal,1.0,random
5,32,2.4731431007385254,control-2,projected_sufficiency,0.0,random
5,32,34.570640563964844,control-2,projected_removal,1.0,random
6,32,11.622644424438477,control-2,projected_sufficiency,0.004999999888241291,random
6,32,27.1447696685791,control-2,projected_removal,0.9850000143051147,random
7,32,6.704360485076904,control-2,projected_sufficiency,0.0,random
7,32,32.59955596923828,control-2,projected_removal,1.0,random
8,32,5.289783477783203,control-2,projected_sufficiency,0.0,random
8,32,28.832382202148438,control-2,projected_removal,1.0,random
9,32,4.586027145385742,control-2,projected_sufficiency,0.0,random
9,32,27.937095642089844,control-2,projected_removal,1.0,random
,64,37.36075973510742,control-2,projected_sufficiency,1.0,learned
,64,0.008170222863554955,control-2,projected_removal,0.0,learned
0,64,17.4200382232666,control-2,projected_sufficiency,0.3499999940395355,random
0,64,18.027551651000977,control-2,projected_removal,0.3799999952316284,random
1,64,15.5786771774292,control-2,projected_sufficiency,0.14499999582767487,random
1,64,15.959565162658691,control-2,projected_removal,0.23000000417232513,random
2,64,14.602424621582031,control-2,projected_sufficiency,0.07500000298023224,random
2,64,21.222715377807617,control-2,projected_removal,0.675000011920929,random
3,64,12.695246696472168,control-2,projected_sufficiency,0.014999999664723873,random
3,64,20.453874588012695,control-2,projected_removal,0.6299999952316284,random
4,64,12.443350791931152,control-2,projected_sufficiency,0.004999999888241291,random
4,64,22.268962860107422,control-2,projected_removal,0.7599999904632568,random
5,64,9.090825080871582,control-2,projected_sufficiency,0.0,random
5,64,24.349048614501953,control-2,projected_removal,0.9049999713897705,random
6,64,16.20795249938965,control-2,projected_sufficiency,0.20000000298023224,random
6,64,15.554145812988281,control-2,projected_removal,0.1599999964237213,random
7,64,18.095256805419922,control-2,projected_sufficiency,0.4050000011920929,random
7,64,15.072509765625,control-2,projected_removal,0.14000000059604645,random
8,64,20.031509399414062,control-2,projected_sufficiency,0.6000000238418579,random
8,64,11.481938362121582,control-2,projected_removal,0.004999999888241291,random
9,64,11.495530128479004,control-2,projected_sufficiency,0.0,random
9,64,20.01538848876953,control-2,projected_removal,0.5699999928474426,random
,128,37.36289978027344,control-2,projected_sufficiency,1.0,learned
,128,1.020431568576896e-06,control-2,projected_removal,0.0,learned
0,128,37.36290740966797,control-2,projected_sufficiency,1.0,random
0,128,2.0885468074993696e-06,control-2,projected_removal,0.0,random
1,128,37.3629035949707,control-2,projected_sufficiency,1.0,random
1,128,5.7220457705398076e-08,control-2,projected_removal,0.0,random
2,128,37.3629035949707,control-2,projected_sufficiency,1.0,random
2,128,-3.4427641821821453e-06,control-2,projected_removal,0.0,random
3,128,37.36290740966797,control-2,projected_sufficiency,1.0,random
3,128,9.34600848268019e-07,control-2,projected_removal,0.0,random
4,128,37.3629035949707,control-2,projected_sufficiency,1.0,random
4,128,9.536743306171047e-08,control-2,projected_removal,0.0,random
5,128,37.3629035949707,control-2,projected_sufficiency,1.0,random
5,128,2.079010073430254e-06,control-2,projected_removal,0.0,random
6,128,37.3629035949707,control-2,projected_sufficiency,1.0,random
6,128,-1.907348590179936e-08,control-2,projected_removal,0.0,random
7,128,37.3629035949707,control-2,projected_sufficiency,1.0,random
7,128,-6.00814814788464e-07,control-2,projected_removal,0.0,random
8,128,37.3629035949707,control-2,projected_sufficiency,1.0,random
8,128,6.00814814788464e-07,control-2,projected_removal,0.0,random
9,128,37.362911224365234,control-2,projected_sufficiency,1.0,random
9,128,1.802444444365392e-06,control-2,projected_removal,0.0,random
,1,-0.4485538899898529,excluded-3,projected_sufficiency,0.0,learned
,1,0.46829754114151,excluded-3,projected_removal,0.0,learned
0,1,-0.001656012493185699,excluded-3,projected_sufficiency,0.0,random
0,1,-0.04664403572678566,excluded-3,projected_removal,0.0,random
1,1,-0.021906046196818352,excluded-3,projected_sufficiency,0.0,random
1,1,-0.04888219013810158,excluded-3,projected_removal,0.0,random
2,1,-0.0022585010156035423,excluded-3,projected_sufficiency,0.0,random
2,1,-0.06436721980571747,excluded-3,projected_removal,0.0,random
3,1,-0.09393057972192764,excluded-3,projected_sufficiency,0.0,random
3,1,0.04219316318631172,excluded-3,projected_removal,0.0,random
4,1,-0.019791435450315475,excluded-3,projected_sufficiency,0.0,random
4,1,-0.0027892685029655695,excluded-3,projected_removal,0.0,random
5,1,-0.1475721001625061,excluded-3,projected_sufficiency,0.0,random
5,1,0.04403238371014595,excluded-3,projected_removal,0.0,random
6,1,0.23933160305023193,excluded-3,projected_sufficiency,0.0,random
6,1,-0.17016518115997314,excluded-3,projected_removal,0.0,random
7,1,-0.05755667760968208,excluded-3,projected_sufficiency,0.0,random
7,1,-0.017044657841324806,excluded-3,projected_removal,0.0,random
8,1,0.20497165620326996,excluded-3,projected_sufficiency,0.0,random
8,1,0.03946571424603462,excluded-3,projected_removal,0.0,random
9,1,-0.017628245055675507,excluded-3,projected_sufficiency,0.0,random
9,1,-0.011088352650403976,excluded-3,projected_removal,0.0,random
,2,-0.4573509097099304,excluded-3,projected_sufficiency,0.0,learned
,2,0.5597079992294312,excluded-3,projected_removal,0.0,learned
0,2,0.06495929509401321,excluded-3,projected_sufficiency,0.0,random
0,2,0.021206531673669815,excluded-3,projected_removal,0.0,random
1,2,0.017427731305360794,excluded-3,projected_sufficiency,0.0,random
1,2,-0.06991130113601685,excluded-3,projected_removal,0.0,random
2,2,-0.13657009601593018,excluded-3,projected_sufficiency,0.0,random
2,2,0.13371604681015015,excluded-3,projected_removal,0.0,random
3,2,0.15066903829574585,excluded-3,projected_sufficiency,0.0,random
3,2,-0.09422272443771362,excluded-3,projected_removal,0.0,random
4,2,0.172302708029747,excluded-3,projected_sufficiency,0.0,random
4,2,-0.07955426722764969,excluded-3,projected_removal,0.0,random
5,2,-0.25049784779548645,excluded-3,projected_sufficiency,0.0,random
5,2,-0.07883068919181824,excluded-3,projected_removal,0.0,random
6,2,0.04553598538041115,excluded-3,projected_sufficiency,0.0,random
6,2,-0.057670868933200836,excluded-3,projected_removal,0.0,random
7,2,-0.0790008157491684,excluded-3,projected_sufficiency,0.0,random
7,2,-0.07322973012924194,excluded-3,projected_removal,0.0,random
8,2,0.20670504868030548,excluded-3,projected_sufficiency,0.0,random
8,2,-0.09790848940610886,excluded-3,projected_removal,0.0,random
9,2,-0.028847966343164444,excluded-3,projected_sufficiency,0.0,random
9,2,-0.08379564434289932,excluded-3,projected_removal,0.0,random
,4,-0.12463276833295822,excluded-3,projected_sufficiency,0.0,learned
,4,0.007528071291744709,excluded-3,projected_removal,0.0,learned
0,4,-0.5429797768592834,excluded-3,projected_sufficiency,0.0,random
0,4,0.09804779291152954,excluded-3,projected_removal,0.0,random
1,4,-0.008314747363328934,excluded-3,projected_sufficiency,0.0,random
1,4,0.0883084237575531,excluded-3,projected_removal,0.0,random
2,4,-0.20679832994937897,excluded-3,projected_sufficiency,0.0,random
2,4,-0.018295422196388245,excluded-3,projected_removal,0.0,random
3,4,-0.12504078447818756,excluded-3,projected_sufficiency,0.0,random
3,4,0.08428635448217392,excluded-3,projected_removal,0.0,random
4,4,-0.8533854484558105,excluded-3,projected_sufficiency,0.0,random
4,4,0.3231257200241089,excluded-3,projected_removal,0.0,random
5,4,-0.15130756795406342,excluded-3,projected_sufficiency,0.0,random
5,4,-0.06770593672990799,excluded-3,projected_removal,0.0,random
6,4,-0.5287399888038635,excluded-3,projected_sufficiency,0.0,random
6,4,0.04983963072299957,excluded-3,projected_removal,0.0,random
7,4,-0.2788304090499878,excluded-3,projected_sufficiency,0.0,random
7,4,-0.16314199566841125,excluded-3,projected_removal,0.0,random
8,4,-0.5393372178077698,excluded-3,projected_sufficiency,0.0,random
8,4,0.16904960572719574,excluded-3,projected_removal,0.0,random
9,4,-0.43231162428855896,excluded-3,projected_sufficiency,0.0,random
9,4,0.03188123553991318,excluded-3,projected_removal,0.0,random
,8,-0.07098069787025452,excluded-3,projected_sufficiency,0.0,learned
,8,-0.07375306636095047,excluded-3,projected_removal,0.0,learned
0,8,-0.10792165994644165,excluded-3,projected_sufficiency,0.0,random
0,8,-0.019647769629955292,excluded-3,projected_removal,0.0,random
1,8,-0.5458629131317139,excluded-3,projected_sufficiency,0.0,random
1,8,0.22417286038398743,excluded-3,projected_removal,0.0,random
2,8,-0.6081927418708801,excluded-3,projected_sufficiency,0.0,random
2,8,-0.18623197078704834,excluded-3,projected_removal,0.0,random
3,8,0.09164018929004669,excluded-3,projected_sufficiency,0.0,random
3,8,-0.4087770879268646,excluded-3,projected_removal,0.0,random
4,8,0.09414249658584595,excluded-3,projected_sufficiency,0.0,random
4,8,-0.025147810578346252,excluded-3,projected_removal,0.0,random
5,8,0.9740200638771057,excluded-3,projected_sufficiency,0.0,random
5,8,-0.25765272974967957,excluded-3,projected_removal,0.0,random
6,8,-0.25163471698760986,excluded-3,projected_sufficiency,0.0,random
6,8,-0.127883180975914,excluded-3,projected_removal,0.0,random
7,8,-0.04866298288106918,excluded-3,projected_sufficiency,0.0,random
7,8,0.09230180829763412,excluded-3,projected_removal,0.0,random
8,8,-0.5303594470024109,excluded-3,projected_sufficiency,0.0,random
8,8,-0.04556391388177872,excluded-3,projected_removal,0.0,random
9,8,0.208898663520813,excluded-3,projected_sufficiency,0.0,random
9,8,-0.1853952407836914,excluded-3,projected_removal,0.0,random
,16,-0.061705559492111206,excluded-3,projected_sufficiency,0.0,learned
,16,-0.02413720078766346,excluded-3,projected_removal,0.0,learned
0,16,0.020148606970906258,excluded-3,projected_sufficiency,0.0,random
0,16,-0.10775411874055862,excluded-3,projected_removal,0.0,random
1,16,-0.4878116846084595,excluded-3,projected_sufficiency,0.0,random
1,16,0.003086519194766879,excluded-3,projected_removal,0.0,random
2,16,0.3417884409427643,excluded-3,projected_sufficiency,0.0,random
2,16,-0.7739346027374268,excluded-3,projected_removal,0.0,random
3,16,-1.4745383262634277,excluded-3,projected_sufficiency,0.0,random
3,16,0.3070775270462036,excluded-3,projected_removal,0.0,random
4,16,-0.010076504200696945,excluded-3,projected_sufficiency,0.0,random
4,16,-0.43836653232574463,excluded-3,projected_removal,0.0,random
5,16,0.3377154469490051,excluded-3,projected_sufficiency,0.0,random
5,16,-0.4788880944252014,excluded-3,projected_removal,0.0,random
6,16,0.2264510691165924,excluded-3,projected_sufficiency,0.0,random
6,16,-0.09422092139720917,excluded-3,projected_removal,0.0,random
7,16,-0.3440425992012024,excluded-3,projected_sufficiency,0.0,random
7,16,0.11893428862094879,excluded-3,projected_removal,0.0,random
8,16,-1.0787310600280762,excluded-3,projected_sufficiency,0.0,random
8,16,0.6386440396308899,excluded-3,projected_removal,0.0,random
9,16,-0.8619741201400757,excluded-3,projected_sufficiency,0.0,random
9,16,0.31009939312934875,excluded-3,projected_removal,0.0,random
,32,-0.0364929735660553,excluded-3,projected_sufficiency,0.0,learned
,32,-0.0041980077512562275,excluded-3,projected_removal,0.0,learned
0,32,-0.4082968235015869,excluded-3,projected_sufficiency,0.0,random
0,32,-0.27122482657432556,excluded-3,projected_removal,0.0,random
1,32,-0.660014271736145,excluded-3,projected_sufficiency,0.0,random
1,32,-0.28131380677223206,excluded-3,projected_removal,0.0,random
2,32,-0.08674532175064087,excluded-3,projected_sufficiency,0.0,random
2,32,0.020559191703796387,excluded-3,projected_removal,0.0,random
3,32,-0.0697186067700386,excluded-3,projected_sufficiency,0.0,random
3,32,-0.29983100295066833,excluded-3,projected_removal,0.0,random
4,32,-1.121334433555603,excluded-3,projected_sufficiency,0.0,random
4,32,0.16207197308540344,excluded-3,projected_removal,0.0,random
5,32,0.11773428320884705,excluded-3,projected_sufficiency,0.0,random
5,32,-1.0024018287658691,excluded-3,projected_removal,0.0,random
6,32,-0.707130491733551,excluded-3,projected_sufficiency,0.0,random
6,32,-0.5159154534339905,excluded-3,projected_removal,0.0,random
7,32,-0.032519593834877014,excluded-3,projected_sufficiency,0.0,random
7,32,-0.2788388133049011,excluded-3,projected_removal,0.0,random
8,32,-0.5335572361946106,excluded-3,projected_sufficiency,0.0,random
8,32,-0.2618809640407562,excluded-3,projected_removal,0.0,random
9,32,-0.19469967484474182,excluded-3,projected_sufficiency,0.0,random
9,32,-0.4930955469608307,excluded-3,projected_removal,0.0,random
,64,-0.03035641275346279,excluded-3,projected_sufficiency,0.0,learned
,64,-0.00880416389554739,excluded-3,projected_removal,0.0,learned
0,64,-0.16844913363456726,excluded-3,projected_sufficiency,0.0,random
0,64,-0.8038596510887146,excluded-3,projected_removal,0.0,random
1,64,-0.5365698933601379,excluded-3,projected_sufficiency,0.0,random
1,64,-0.2395274043083191,excluded-3,projected_removal,0.0,random
2,64,0.3300967812538147,excluded-3,projected_sufficiency,0.0,random
2,64,-1.5147194862365723,excluded-3,projected_removal,0.0,random
3,64,-0.2834753394126892,excluded-3,projected_sufficiency,0.0,random
3,64,-0.6492950320243835,excluded-3,projected_removal,0.0,random
4,64,-1.7042065858840942,excluded-3,projected_sufficiency,0.0,random
4,64,1.4323159456253052,excluded-3,projected_removal,0.0,random
5,64,-0.2577858865261078,excluded-3,projected_sufficiency,0.0,random
5,64,-0.6426636576652527,excluded-3,projected_removal,0.0,random
6,64,-0.5032021999359131,excluded-3,projected_sufficiency,0.0,random
6,64,-0.40039312839508057,excluded-3,projected_removal,0.0,random
7,64,-0.47956252098083496,excluded-3,projected_sufficiency,0.0,random
7,64,-0.3932775855064392,excluded-3,projected_removal,0.0,random
8,64,-0.8531131148338318,excluded-3,projected_sufficiency,0.0,random
8,64,-0.12746000289916992,excluded-3,projected_removal,0.0,random
9,64,-0.929411768913269,excluded-3,projected_sufficiency,0.0,random
9,64,-0.19940349459648132,excluded-3,projected_removal,0.0,random
,128,-0.04672617465257645,excluded-3,projected_sufficiency,0.0,learned
,128,-3.099441414633475e-07,excluded-3,projected_removal,0.0,learned
0,128,-0.04672567546367645,excluded-3,projected_sufficiency,0.0,random
0,128,-6.818771112193645e-07,excluded-3,projected_removal,0.0,random
1,128,-0.046725496649742126,excluded-3,projected_sufficiency,0.0,random
1,128,3.3855437209240336e-07,excluded-3,projected_removal,0.0,random
2,128,-0.046726033091545105,excluded-3,projected_sufficiency,0.0,random
2,128,-6.580352760465757e-07,excluded-3,projected_removal,0.0,random
3,128,-0.0467255562543869,excluded-3,projected_sufficiency,0.0,random
3,128,-9.679794175099232e-07,excluded-3,projected_removal,0.0,random
4,128,-0.04672608524560928,excluded-3,projected_sufficiency,0.0,random
4,128,9.584426834408077e-07,excluded-3,projected_removal,0.0,random
5,128,-0.04672570526599884,excluded-3,projected_sufficiency,0.0,random
5,128,-1.1920928955078125e-07,excluded-3,projected_removal,0.0,random
6,128,-0.04672595113515854,excluded-3,projected_sufficiency,0.0,random
6,128,-6.19888282926695e-08,excluded-3,projected_removal,0.0,random
7,128,-0.04672551155090332,excluded-3,projected_sufficiency,0.0,random
7,128,4.863738922722405e-07,excluded-3,projected_removal,0.0,random
8,128,-0.04672574624419212,excluded-3,projected_sufficiency,0.0,random
8,128,-1.23977656585339e-07,excluded-3,projected_removal,0.0,random
9,128,-0.04672570154070854,excluded-3,projected_sufficiency,0.0,random
9,128,2.813339108342916e-07,excluded-3,projected_removal,0.0,random
,1,34.003578186035156,control-3,projected_sufficiency,1.0,learned
,1,2.669279098510742,control-3,projected_removal,0.0,learned
0,1,-0.054791759699583054,control-3,projected_sufficiency,0.0,random
0,1,36.643795013427734,control-3,projected_removal,1.0,random
1,1,-0.055789947509765625,control-3,projected_sufficiency,0.0,random
1,1,36.51952362060547,control-3,projected_removal,1.0,random
2,1,-0.013107189908623695,control-3,projected_sufficiency,0.0,random
2,1,36.50515365600586,control-3,projected_removal,1.0,random
3,1,0.010232048109173775,control-3,projected_sufficiency,0.0,random
3,1,36.71063995361328,control-3,projected_removal,1.0,random
4,1,0.032595615833997726,control-3,projected_sufficiency,0.0,random
4,1,36.29521560668945,control-3,projected_removal,1.0,random
5,1,0.04418385028839111,control-3,projected_sufficiency,0.0,random
5,1,36.568607330322266,control-3,projected_removal,1.0,random
6,1,0.4293798804283142,control-3,projected_sufficiency,0.0,random
6,1,35.575531005859375,control-3,projected_removal,1.0,random
7,1,0.04352155327796936,control-3,projected_sufficiency,0.0,random
7,1,36.51743698120117,control-3,projected_removal,1.0,random
8,1,0.11554254591464996,control-3,projected_sufficiency,0.0,random
8,1,36.66242599487305,control-3,projected_removal,1.0,random
9,1,0.09671182930469513,control-3,projected_sufficiency,0.0,random
9,1,36.6286506652832,control-3,projected_removal,1.0,random
,2,34.70356750488281,control-3,projected_sufficiency,1.0,learned
,2,1.4152178764343262,control-3,projected_removal,0.0,learned
0,2,0.22360624372959137,control-3,projected_sufficiency,0.0,random
0,2,36.438568115234375,control-3,projected_removal,1.0,random
1,2,0.18435561656951904,control-3,projected_sufficiency,0.0,random
1,2,36.64631652832031,control-3,projected_removal,1.0,random
2,2,0.20210674405097961,control-3,projected_sufficiency,0.0,random
2,2,36.61436462402344,control-3,projected_removal,1.0,random
3,2,0.14270168542861938,control-3,projected_sufficiency,0.0,random
3,2,36.790863037109375,control-3,projected_removal,1.0,random
4,2,0.347698450088501,control-3,projected_sufficiency,0.0,random
4,2,36.387359619140625,control-3,projected_removal,1.0,random
5,2,-0.03665013611316681,control-3,projected_sufficiency,0.0,random
5,2,36.58649826049805,control-3,projected_removal,1.0,random
6,2,0.08120288699865341,control-3,projected_sufficiency,0.0,random
6,2,36.63825988769531,control-3,projected_removal,1.0,random
7,2,-0.008463511243462563,control-3,projected_sufficiency,0.0,random
7,2,36.650028228759766,control-3,projected_removal,1.0,random
8,2,0.2635457515716553,control-3,projected_sufficiency,0.0,random
8,2,35.94840621948242,control-3,projected_removal,1.0,random
9,2,0.5405533909797668,control-3,projected_sufficiency,0.0,random
9,2,35.489986419677734,control-3,projected_removal,1.0,random
,4,36.554649353027344,control-3,projected_sufficiency,1.0,learned
,4,0.17167866230010986,control-3,projected_removal,0.0,learned
0,4,1.7316029071807861,control-3,projected_sufficiency,0.0,random
0,4,34.2342529296875,control-3,projected_removal,1.0,random
1,4,0.7149002552032471,control-3,projected_sufficiency,0.0,random
1,4,36.18674850463867,control-3,projected_removal,1.0,random
2,4,-0.17771461606025696,control-3,projected_sufficiency,0.0,random
2,4,36.328338623046875,control-3,projected_removal,1.0,random
3,4,0.035136763006448746,control-3,projected_sufficiency,0.0,random
3,4,36.3790168762207,control-3,projected_removal,1.0,random
4,4,-0.6535977721214294,control-3,projected_sufficiency,0.0,random
4,4,36.6716423034668,control-3,projected_removal,1.0,random
5,4,1.0080801248550415,control-3,projected_sufficiency,0.0,random
5,4,35.27186965942383,control-3,projected_removal,1.0,random
6,4,0.24115200340747833,control-3,projected_sufficiency,0.0,random
6,4,36.08256912231445,control-3,projected_removal,1.0,random
7,4,0.3738432228565216,control-3,projected_sufficiency,0.0,random
7,4,34.84135818481445,control-3,projected_removal,1.0,random
8,4,0.11624342948198318,control-3,projected_sufficiency,0.0,random
8,4,36.2474365234375,control-3,projected_removal,1.0,random
9,4,-0.22712849080562592,control-3,projected_sufficiency,0.0,random
9,4,35.83028793334961,control-3,projected_removal,1.0,random
,8,36.549957275390625,control-3,projected_sufficiency,1.0,learned
,8,-0.021640783175826073,control-3,projected_removal,0.0,learned
0,8,1.7969070672988892,control-3,projected_sufficiency,0.0,random
0,8,35.193992614746094,control-3,projected_removal,1.0,random
1,8,0.15021350979804993,control-3,projected_sufficiency,0.0,random
1,8,36.043182373046875,control-3,projected_removal,1.0,random
2,8,-0.3018859922885895,control-3,projected_sufficiency,0.0,random
2,8,36.731937408447266,control-3,projected_removal,1.0,random
3,8,1.3971072435379028,control-3,projected_sufficiency,0.0,random
3,8,34.4450798034668,control-3,projected_removal,1.0,random
4,8,1.0674159526824951,control-3,projected_sufficiency,0.0,random
4,8,35.76764678955078,control-3,projected_removal,1.0,random
5,8,1.7386462688446045,control-3,projected_sufficiency,0.0,random
5,8,35.38624572753906,control-3,projected_removal,1.0,random
6,8,0.6268438100814819,control-3,projected_sufficiency,0.0,random
6,8,35.41498947143555,control-3,projected_removal,1.0,random
7,8,0.9350135922431946,control-3,projected_sufficiency,0.0,random
7,8,36.08024215698242,control-3,projected_removal,1.0,random
8,8,0.08152881264686584,control-3,projected_sufficiency,0.0,random
8,8,35.569313049316406,control-3,projected_removal,1.0,random
9,8,0.848630428314209,control-3,projected_sufficiency,0.0,random
9,8,35.12198257446289,control-3,projected_removal,1.0,random
,16,36.61030197143555,control-3,projected_sufficiency,1.0,learned
,16,-0.005526165943592787,control-3,projected_removal,0.0,learned
0,16,0.893968403339386,control-3,projected_sufficiency,0.0,random
0,16,35.087188720703125,control-3,projected_removal,1.0,random
1,16,1.6969857215881348,control-3,projected_sufficiency,0.0,random
1,16,34.66343688964844,control-3,projected_removal,1.0,random
2,16,3.1031625270843506,control-3,projected_sufficiency,0.0,random
2,16,33.10750961303711,control-3,projected_removal,1.0,random
3,16,0.3061738908290863,control-3,projected_sufficiency,0.0,random
3,16,34.583065032958984,control-3,projected_removal,1.0,random
4,16,1.2810310125350952,control-3,projected_sufficiency,0.0,random
4,16,34.275001525878906,control-3,projected_removal,1.0,random
5,16,2.2405436038970947,control-3,projected_sufficiency,0.0,random
5,16,34.39733123779297,control-3,projected_removal,1.0,random
6,16,2.960839033126831,control-3,projected_sufficiency,0.0,random
6,16,32.919063568115234,control-3,projected_removal,1.0,random
7,16,3.323014736175537,control-3,projected_sufficiency,0.0,random
7,16,32.01969528198242,control-3,projected_removal,1.0,random
8,16,2.6206908226013184,control-3,projected_sufficiency,0.0,random
8,16,33.029842376708984,control-3,projected_removal,1.0,random
9,16,2.4545154571533203,control-3,projected_sufficiency,0.0,random
9,16,32.310726165771484,control-3,projected_removal,1.0,random
,32,36.59284973144531,control-3,projected_sufficiency,1.0,learned
,32,0.023740459233522415,control-3,projected_removal,0.0,learned
0,32,2.676297903060913,control-3,projected_sufficiency,0.0,random
0,32,33.10853958129883,control-3,projected_removal,1.0,random
1,32,8.308462142944336,control-3,projected_sufficiency,0.0,random
1,32,25.5316104888916,control-3,projected_removal,1.0,random
2,32,3.9241580963134766,control-3,projected_sufficiency,0.0,random
2,32,31.773035049438477,control-3,projected_removal,1.0,random
3,32,7.716548919677734,control-3,projected_sufficiency,0.0,random
3,32,28.725749969482422,control-3,projected_removal,1.0,random
4,32,3.624666690826416,control-3,projected_sufficiency,0.0,random
4,32,31.468311309814453,control-3,projected_removal,1.0,random
5,32,8.582287788391113,control-3,projected_sufficiency,0.0,random
5,32,25.9966983795166,control-3,projected_removal,0.9100000262260437,random
6,32,5.5363664627075195,control-3,projected_sufficiency,0.0,random
6,32,27.537702560424805,control-3,projected_removal,1.0,random
7,32,8.762469291687012,control-3,projected_sufficiency,0.004999999888241291,random
7,32,24.689292907714844,control-3,projected_removal,0.8650000095367432,random
8,32,3.176215887069702,control-3,projected_sufficiency,0.0,random
8,32,33.00130844116211,control-3,projected_removal,1.0,random
9,32,4.6211018562316895,control-3,projected_sufficiency,0.0,random
9,32,32.09815979003906,control-3,projected_removal,1.0,random
,64,36.59044647216797,control-3,projected_sufficiency,1.0,learned
,64,0.01816672831773758,control-3,projected_removal,0.0,learned
0,64,17.867677688598633,control-3,projected_sufficiency,0.4050000011920929,random
0,64,16.083213806152344,control-3,projected_removal,0.33000001311302185,random
1,64,28.3953800201416,control-3,projected_sufficiency,1.0,random
1,64,6.027284145355225,control-3,projected_removal,0.0,random
2,64,17.565139770507812,control-3,projected_sufficiency,0.5049999952316284,random
2,64,14.796001434326172,control-3,projected_removal,0.17000000178813934,random
3,64,15.000657081604004,control-3,projected_sufficiency,0.33000001311302185,random
3,64,17.431310653686523,control-3,projected_removal,0.38999998569488525,random
4,64,11.960661888122559,control-3,projected_sufficiency,0.009999999776482582,random
4,64,19.840560913085938,control-3,projected_removal,0.675000011920929,random
5,64,19.06040382385254,control-3,projected_sufficiency,0.5699999928474426,random
5,64,13.778307914733887,control-3,projected_removal,0.18000000715255737,random
6,64,15.086926460266113,control-3,projected_sufficiency,0.3400000035762787,random
6,64,15.834463119506836,control-3,projected_removal,0.23000000417232513,random
7,64,13.788664817810059,control-3,projected_sufficiency,0.10999999940395355,random
7,64,19.28514289855957,control-3,projected_removal,0.6100000143051147,random
8,64,14.823554992675781,control-3,projected_sufficiency,0.25999999046325684,random
8,64,17.993993759155273,control-3,projected_removal,0.4449999928474426,random
9,64,10.203453063964844,control-3,projected_sufficiency,0.009999999776482582,random
9,64,23.937124252319336,control-3,projected_removal,0.8700000047683716,random
,128,36.59648132324219,control-3,projected_sufficiency,1.0,learned
,128,-2.169609160773689e-06,control-3,projected_removal,0.0,learned
0,128,36.59647750854492,control-3,projected_sufficiency,1.0,random
0,128,-1.9311905816721264e-06,control-3,projected_removal,0.0,random
1,128,36.596473693847656,control-3,projected_sufficiency,1.0,random
1,128,6.19888282926695e-08,control-3,projected_removal,0.0,random
2,128,36.59647750854492,control-3,projected_sufficiency,1.0,random
2,128,-3.52859501617786e-07,control-3,projected_removal,0.0,random
3,128,36.596473693847656,control-3,projected_sufficiency,1.0,random
3,128,8.869171210790228e-07,control-3,projected_removal,0.0,random
4,128,36.59647750854492,control-3,projected_sufficiency,1.0,random
4,128,1.23977656585339e-06,control-3,projected_removal,0.0,random
5,128,36.596473693847656,control-3,projected_sufficiency,1.0,random
5,128,7.724761985627993e-07,control-3,projected_removal,0.0,random
6,128,36.596473693847656,control-3,projected_sufficiency,1.0,random
6,128,-1.7166138377433526e-07,control-3,projected_removal,0.0,random
7,128,36.59647750854492,control-3,projected_sufficiency,1.0,random
7,128,-1.821517912503623e-06,control-3,projected_removal,0.0,random
8,128,36.59647750854492,control-3,projected_sufficiency,1.0,random
8,128,-9.250641141989036e-07,control-3,projected_removal,0.0,random
9,128,36.596473693847656,control-3,projected_sufficiency,1.0,random
9,128,-4.7206879116856726e-07,control-3,projected_removal,0.0,random
