mean_gain,model,phase,raw_tens_sum,site
0.16091859340667725,excluded-1,context_gain,8,l1_post_units
-0.5930333137512207,excluded-1,context_gain,9,l1_post_units
-0.753951907157898,excluded-1,raw9_minus_raw8,9,l1_post_units
0.09060004353523254,excluded-1,context_gain,8,l2_post_units
-0.40597015619277954,excluded-1,context_gain,9,l2_post_units
-0.4965701997280121,excluded-1,raw9_minus_raw8,9,l2_post_units
-0.13731852173805237,excluded-1,context_gain,8,l3_post_units
-0.14439615607261658,excluded-1,context_gain,9,l3_post_units
-0.007077634334564209,excluded-1,raw9_minus_raw8,9,l3_post_units
0.29726240038871765,control-1,context_gain,8,l1_post_units
0.20146608352661133,control-1,context_gain,9,l1_post_units
-0.09579631686210632,control-1,raw9_minus_raw8,9,l1_post_units
-0.06277994066476822,control-1,context_gain,8,l2_post_units
0.30054914951324463,control-1,context_gain,9,l2_post_units
0.36332909017801285,control-1,raw9_minus_raw8,9,l2_post_units
-0.2944836914539337,control-1,context_gain,8,l3_post_units
0.42906543612480164,control-1,context_gain,9,l3_post_units
0.7235491275787354,control-1,raw9_minus_raw8,9,l3_post_units
0.11821348965167999,excluded-2,context_gain,8,l1_post_units
-0.22677825391292572,excluded-2,context_gain,9,l1_post_units
-0.3449917435646057,excluded-2,raw9_minus_raw8,9,l1_post_units
-0.07884842157363892,excluded-2,context_gain,8,l2_post_units
-0.15295778214931488,excluded-2,context_gain,9,l2_post_units
-0.07410936057567596,excluded-2,raw9_minus_raw8,9,l2_post_units
-0.21188987791538239,excluded-2,context_gain,8,l3_post_units
-0.03286593034863472,excluded-2,context_gain,9,l3_post_units
0.17902394756674767,excluded-2,raw9_minus_raw8,9,l3_post_units
0.16075988113880157,control-2,context_gain,8,l1_post_units
0.5146172046661377,control-2,context_gain,9,l1_post_units
0.3538573235273361,control-2,raw9_minus_raw8,9,l1_post_units
-0.2561483681201935,control-2,context_gain,8,l2_post_units
0.6281158924102783,control-2,context_gain,9,l2_post_units
0.8842642605304718,control-2,raw9_minus_raw8,9,l2_post_units
-0.45536312460899353,control-2,context_gain,8,l3_post_units
0.42122864723205566,control-2,context_gain,9,l3_post_units
0.8765917718410492,control-2,raw9_minus_raw8,9,l3_post_units
0.4172476530075073,excluded-3,context_gain,8,l1_post_units
-0.7213475704193115,excluded-3,context_gain,9,l1_post_units
-1.1385952234268188,excluded-3,raw9_minus_raw8,9,l1_post_units
0.3225126266479492,excluded-3,context_gain,8,l2_post_units
-0.40346163511276245,excluded-3,context_gain,9,l2_post_units
-0.7259742617607117,excluded-3,raw9_minus_raw8,9,l2_post_units
0.003835225012153387,excluded-3,context_gain,8,l3_post_units
-0.17538490891456604,excluded-3,context_gain,9,l3_post_units
-0.17922013392671943,excluded-3,raw9_minus_raw8,9,l3_post_units
0.2761398255825043,control-3,context_gain,8,l1_post_units
0.4148341417312622,control-3,context_gain,9,l1_post_units
0.13869431614875793,control-3,raw9_minus_raw8,9,l1_post_units
-0.36962223052978516,control-3,context_gain,8,l2_post_units
0.5749045610427856,control-3,context_gain,9,l2_post_units
0.9445267915725708,control-3,raw9_minus_raw8,9,l2_post_units
-0.4554252624511719,control-3,context_gain,8,l3_post_units
0.40005096793174744,control-3,context_gain,9,l3_post_units
0.8554762303829193,control-3,raw9_minus_raw8,9,l3_post_units
