baseline_target_hundreds_fraction,edited_source_hundreds_fraction,edited_target_hundreds_fraction,hundreds_changed_fraction,model,raw_tens_sum
1.0,0.0,0.0,1.0,excluded-1,0
1.0,0.0,0.0,1.0,excluded-1,1
1.0,0.0,0.0,1.0,excluded-1,2
1.0,0.0,0.0,1.0,excluded-1,3
1.0,0.0,0.0,1.0,excluded-1,4
1.0,0.0,0.0,1.0,excluded-1,5
1.0,0.0,0.0,1.0,excluded-1,6
1.0,0.03999999910593033,0.03999999910593033,0.9599999785423279,excluded-1,7
1.0,0.014999999664723873,0.014999999664723873,0.9850000143051147,excluded-1,8
1.0,0.9800000190734863,0.019999999552965164,0.9800000190734863,excluded-1,9
1.0,0.014999999664723873,0.014999999664723873,0.9850000143051147,control-1,0
1.0,0.10499999672174454,0.10499999672174454,0.8949999809265137,control-1,1
1.0,0.1599999964237213,0.1599999964237213,0.8399999737739563,control-1,2
1.0,0.16500000655651093,0.16500000655651093,0.8349999785423279,control-1,3
1.0,0.11999999731779099,0.11999999731779099,0.8799999952316284,control-1,4
1.0,0.1550000011920929,0.1550000011920929,0.8450000286102295,control-1,5
1.0,0.1550000011920929,0.1550000011920929,0.8450000286102295,control-1,6
1.0,0.1550000011920929,0.1550000011920929,0.8450000286102295,control-1,7
1.0,0.16500000655651093,0.16500000655651093,0.8349999785423279,control-1,8
1.0,0.8550000190734863,0.14499999582767487,0.8550000190734863,control-1,9
1.0,0.0,0.0,1.0,excluded-2,0
1.0,0.0,0.0,1.0,excluded-2,1
1.0,0.004999999888241291,0.004999999888241291,0.9950000047683716,excluded-2,2
1.0,0.0,0.0,1.0,excluded-2,3
1.0,0.0,0.0,1.0,excluded-2,4
1.0,0.014999999664723873,0.014999999664723873,0.9850000143051147,excluded-2,5
1.0,0.0,0.0,1.0,excluded-2,6
1.0,0.014999999664723873,0.014999999664723873,0.9850000143051147,excluded-2,7
1.0,0.004999999888241291,0.004999999888241291,0.9950000047683716,excluded-2,8
1.0,1.0,0.0,1.0,excluded-2,9
1.0,0.0,0.0,1.0,control-2,0
1.0,0.0,0.0,1.0,control-2,1
1.0,0.0,0.0,1.0,control-2,2
1.0,0.0,0.0,1.0,control-2,3
1.0,0.014999999664723873,0.014999999664723873,0.9850000143051147,control-2,4
1.0,0.03500000014901161,0.03500000014901161,0.9649999737739563,control-2,5
1.0,0.0,0.0,1.0,control-2,6
1.0,0.0,0.0,1.0,control-2,7
1.0,0.0,0.0,1.0,control-2,8
1.0,1.0,0.0,1.0,control-2,9
1.0,0.0,0.0,1.0,excluded-3,0
1.0,0.0,0.0,1.0,excluded-3,1
1.0,0.004999999888241291,0.004999999888241291,0.9950000047683716,excluded-3,2
1.0,0.009999999776482582,0.009999999776482582,0.9900000095367432,excluded-3,3
1.0,0.019999999552965164,0.019999999552965164,0.9800000190734863,excluded-3,4
1.0,0.054999999701976776,0.054999999701976776,0.9449999928474426,excluded-3,5
1.0,0.05999999865889549,0.05999999865889549,0.9399999976158142,excluded-3,6
1.0,0.05999999865889549,0.05999999865889549,0.9399999976158142,excluded-3,7
1.0,0.22499999403953552,0.22499999403953552,0.7749999761581421,excluded-3,8
1.0,0.8799999952316284,0.11999999731779099,0.8799999952316284,excluded-3,9
1.0,0.014999999664723873,0.014999999664723873,0.9850000143051147,control-3,0
1.0,0.05000000074505806,0.05000000074505806,0.949999988079071,control-3,1
1.0,0.05999999865889549,0.05999999865889549,0.9399999976158142,control-3,2
1.0,0.06499999761581421,0.06499999761581421,0.9350000023841858,control-3,3
1.0,0.13500000536441803,0.13500000536441803,0.8650000095367432,control-3,4
1.0,0.375,0.375,0.625,control-3,5
1.0,0.1550000011920929,0.1550000011920929,0.8450000286102295,control-3,6
1.0,0.38499999046325684,0.38499999046325684,0.6150000095367432,control-3,7
1.0,0.29499998688697815,0.29499998688697815,0.7049999833106995,control-3,8
1.0,0.7250000238418579,0.2750000059604645,0.7250000238418579,control-3,9
