mean_delta_s,mean_interaction_norm,model,phase,source_tens_argmax_fraction
2.7444708347320557,5.122410774230957,excluded-1,interaction_sufficiency,0.0
-0.7424697875976562,5.122410774230957,excluded-1,interaction_removal,0.0
1.2316185235977173,5.122410774230957,excluded-1,random_interaction_control,0.0
3.335003614425659,4.48822021484375,control-1,interaction_sufficiency,0.009999999776482582
-3.990304470062256,4.48822021484375,control-1,interaction_removal,0.8450000286102295
1.8554999828338623,4.48822021484375,control-1,random_interaction_control,0.004999999888241291
1.7837777137756348,5.467935085296631,excluded-2,interaction_sufficiency,0.0
-1.8432137966156006,5.467935085296631,excluded-2,interaction_removal,0.0
0.9882825613021851,5.467935085296631,excluded-2,random_interaction_control,0.0
4.636094570159912,5.868198394775391,control-2,interaction_sufficiency,0.0
-6.911990165710449,5.868198394775391,control-2,interaction_removal,1.0
1.7120481729507446,5.868198394775391,control-2,random_interaction_control,0.0
1.9203075170516968,4.062473773956299,excluded-3,interaction_sufficiency,0.0
-0.4484785497188568,4.062473773956299,excluded-3,interaction_removal,0.0
0.9755780100822449,4.062473773956299,excluded-3,random_interaction_control,0.0
5.608170986175537,7.070653915405273,control-3,interaction_sufficiency,0.04500000178813934
-9.300658226013184,7.070653915405273,control-3,interaction_removal,0.9950000047683716
2.2359938621520996,7.070653915405273,control-3,random_interaction_control,0.0
