intervention,mean_answer_shift,model,source_exact_fraction,target_exact_fraction
carry_only,0.0,excluded-1,0.0,1.0
interaction_only,-0.30000001192092896,excluded-1,0.0,0.9700000286102295
carry_plus_interaction,-1.5,excluded-1,0.0,0.9300000071525574
carry_plus_random,0.0,excluded-1,0.0,1.0
carry_plus_random,0.0,excluded-1,0.0,1.0
carry_plus_random,0.0,excluded-1,0.0,1.0
carry_plus_random,0.0,excluded-1,0.0,1.0
carry_plus_random,0.0,excluded-1,0.0,1.0
carry_plus_random,0.0,excluded-1,0.0,1.0
carry_plus_random,0.0,excluded-1,0.0,1.0
carry_plus_random,0.0,excluded-1,0.0,1.0
carry_plus_random,0.0,excluded-1,0.0,1.0
carry_plus_random,0.0,excluded-1,0.0,1.0
carry_only,7.449999809265137,control-1,0.9700000286102295,0.004999999888241291
interaction_only,-0.05000000074505806,control-1,0.0,0.9850000143051147
carry_plus_interaction,6.400000095367432,control-1,0.949999988079071,0.0
carry_plus_random,7.449999809265137,control-1,0.9700000286102295,0.004999999888241291
carry_plus_random,7.0,control-1,0.9700000286102295,0.0
carry_plus_random,6.949999809265137,control-1,0.9649999737739563,0.004999999888241291
carry_plus_random,6.949999809265137,control-1,0.9649999737739563,0.004999999888241291
carry_plus_random,7.400000095367432,control-1,0.9649999737739563,0.009999999776482582
carry_plus_random,7.0,control-1,0.9700000286102295,0.0
carry_plus_random,6.949999809265137,control-1,0.9649999737739563,0.004999999888241291
carry_plus_random,7.349999904632568,control-1,0.9599999785423279,0.014999999664723873
carry_plus_random,6.949999809265137,control-1,0.9649999737739563,0.004999999888241291
carry_plus_random,7.0,control-1,0.9700000286102295,0.0
carry_only,0.0,excluded-2,0.0,1.0
interaction_only,0.0,excluded-2,0.0,1.0
carry_plus_interaction,-1.5499999523162842,excluded-2,0.0,0.8650000095367432
carry_plus_random,0.0,excluded-2,0.0,1.0
carry_plus_random,0.0,excluded-2,0.0,1.0
carry_plus_random,0.0,excluded-2,0.0,1.0
carry_plus_random,0.0,excluded-2,0.0,1.0
carry_plus_random,0.0,excluded-2,0.0,1.0
carry_plus_random,0.0,excluded-2,0.0,1.0
carry_plus_random,0.0,excluded-2,0.0,1.0
carry_plus_random,0.0,excluded-2,0.0,1.0
carry_plus_random,0.0,excluded-2,0.0,1.0
carry_plus_random,0.0,excluded-2,0.0,1.0
carry_only,10.0,control-2,1.0,0.0
interaction_only,0.0,control-2,0.0,1.0
carry_plus_interaction,10.0,control-2,1.0,0.0
carry_plus_random,10.0,control-2,1.0,0.0
carry_plus_random,10.0,control-2,1.0,0.0
carry_plus_random,10.0,control-2,1.0,0.0
carry_plus_random,10.0,control-2,1.0,0.0
carry_plus_random,10.0,control-2,1.0,0.0
carry_plus_random,10.0,control-2,1.0,0.0
carry_plus_random,10.0,control-2,1.0,0.0
carry_plus_random,10.0,control-2,1.0,0.0
carry_plus_random,10.0,control-2,1.0,0.0
carry_plus_random,10.0,control-2,1.0,0.0
carry_only,0.0,excluded-3,0.0,1.0
interaction_only,0.0,excluded-3,0.0,1.0
carry_plus_interaction,0.0,excluded-3,0.0,1.0
carry_plus_random,0.0,excluded-3,0.0,1.0
carry_plus_random,0.0,excluded-3,0.0,1.0
carry_plus_random,0.0,excluded-3,0.0,1.0
carry_plus_random,0.0,excluded-3,0.0,1.0
carry_plus_random,0.0,excluded-3,0.0,1.0
carry_plus_random,0.0,excluded-3,0.0,1.0
carry_plus_random,0.0,excluded-3,0.0,1.0
carry_plus_random,0.0,excluded-3,0.0,1.0
carry_plus_random,0.0,excluded-3,0.0,1.0
carry_plus_random,0.0,excluded-3,0.0,1.0
carry_only,10.0,control-3,1.0,0.0
interaction_only,0.550000011920929,control-3,0.054999999701976776,0.9449999928474426
carry_plus_interaction,10.0,control-3,1.0,0.0
carry_plus_random,10.0,control-3,1.0,0.0
carry_plus_random,10.0,control-3,1.0,0.0
carry_plus_random,10.0,control-3,1.0,0.0
carry_plus_random,10.0,control-3,1.0,0.0
carry_plus_random,10.0,control-3,1.0,0.0
carry_plus_random,10.0,control-3,1.0,0.0
carry_plus_random,10.0,control-3,1.0,0.0
carry_plus_random,10.0,control-3,1.0,0.0
carry_plus_random,10.0,control-3,1.0,0.0
carry_plus_random,10.0,control-3,1.0,0.0
