component,mean_delta_s,model,phase,raw_tens_sum,source_tens_argmax_fraction
attn_out,23.838579177856445,excluded-1,source_patch,8,1.0
attn_out,14.249372482299805,excluded-1,zero_ablate,8,0.5799999833106995
attn_out,0.0,excluded-1,clean_rescue,8,0.0
mlp_out,18.058534622192383,excluded-1,source_patch,8,0.8349999785423279
mlp_out,6.230175018310547,excluded-1,zero_ablate,8,0.0
mlp_out,0.0,excluded-1,clean_rescue,8,0.0
attn_out,0.8024405837059021,excluded-1,source_patch,9,0.0
attn_out,-2.3752288818359375,excluded-1,zero_ablate,9,0.0
attn_out,0.0,excluded-1,clean_rescue,9,0.0
mlp_out,1.6381372213363647,excluded-1,source_patch,9,0.0
mlp_out,5.6192803382873535,excluded-1,zero_ablate,9,0.0
mlp_out,0.0,excluded-1,clean_rescue,9,0.0
attn_out,15.451284408569336,control-1,source_patch,8,1.0
attn_out,6.3388590812683105,control-1,zero_ablate,8,0.1599999964237213
attn_out,0.0,control-1,clean_rescue,8,0.0
mlp_out,12.608238220214844,control-1,source_patch,8,0.9649999737739563
mlp_out,6.540938854217529,control-1,zero_ablate,8,0.10499999672174454
mlp_out,0.0,control-1,clean_rescue,8,0.0
attn_out,14.947049140930176,control-1,source_patch,9,1.0
attn_out,3.5238473415374756,control-1,zero_ablate,9,0.10999999940395355
attn_out,0.0,control-1,clean_rescue,9,0.0
mlp_out,13.816115379333496,control-1,source_patch,9,0.9750000238418579
mlp_out,5.410528182983398,control-1,zero_ablate,9,0.0
mlp_out,0.0,control-1,clean_rescue,9,0.0
attn_out,25.025205612182617,excluded-2,source_patch,8,1.0
attn_out,17.390789031982422,excluded-2,zero_ablate,8,0.675000011920929
attn_out,0.0,excluded-2,clean_rescue,8,0.0
mlp_out,16.7913761138916,excluded-2,source_patch,8,0.8299999833106995
mlp_out,6.070069789886475,excluded-2,zero_ablate,8,0.004999999888241291
mlp_out,0.0,excluded-2,clean_rescue,8,0.0
attn_out,2.3908145427703857,excluded-2,source_patch,9,0.0
attn_out,-0.06094225496053696,excluded-2,zero_ablate,9,0.0
attn_out,0.0,excluded-2,clean_rescue,9,0.0
mlp_out,2.039348840713501,excluded-2,source_patch,9,0.0
mlp_out,5.5664238929748535,excluded-2,zero_ablate,9,0.0
mlp_out,0.0,excluded-2,clean_rescue,9,0.0
attn_out,37.23536682128906,control-2,source_patch,8,1.0
attn_out,17.806861877441406,control-2,zero_ablate,8,0.4950000047683716
attn_out,0.0,control-2,clean_rescue,8,0.0
mlp_out,29.0935115814209,control-2,source_patch,8,1.0
mlp_out,18.349384307861328,control-2,zero_ablate,8,0.4749999940395355
mlp_out,0.0,control-2,clean_rescue,8,0.0
attn_out,37.00834655761719,control-2,source_patch,9,1.0
attn_out,9.948881149291992,control-2,zero_ablate,9,0.12999999523162842
attn_out,0.0,control-2,clean_rescue,9,0.0
mlp_out,27.516773223876953,control-2,source_patch,9,0.9599999785423279
mlp_out,12.715653419494629,control-2,zero_ablate,9,0.13500000536441803
mlp_out,0.0,control-2,clean_rescue,9,0.0
attn_out,23.286396026611328,excluded-3,source_patch,8,0.9449999928474426
attn_out,4.4812541007995605,excluded-3,zero_ablate,8,0.019999999552965164
attn_out,0.0,excluded-3,clean_rescue,8,0.0
mlp_out,14.40131950378418,excluded-3,source_patch,8,0.24500000476837158
mlp_out,5.398482799530029,excluded-3,zero_ablate,8,0.0
mlp_out,0.0,excluded-3,clean_rescue,8,0.0
attn_out,-0.8514950275421143,excluded-3,source_patch,9,0.0
attn_out,-0.3784468173980713,excluded-3,zero_ablate,9,0.0
attn_out,0.0,excluded-3,clean_rescue,9,0.0
mlp_out,-0.7242527604103088,excluded-3,source_patch,9,0.0
mlp_out,15.492999076843262,excluded-3,zero_ablate,9,0.0949999988079071
mlp_out,0.0,excluded-3,clean_rescue,9,0.0
attn_out,20.199193954467773,control-3,source_patch,8,0.6650000214576721
attn_out,7.130294322967529,control-3,zero_ablate,8,0.03500000014901161
attn_out,0.0,control-3,clean_rescue,8,0.0
mlp_out,22.779029846191406,control-3,source_patch,8,0.8799999952316284
mlp_out,9.635017395019531,control-3,zero_ablate,8,0.0
mlp_out,0.0,control-3,clean_rescue,8,0.0
attn_out,22.153470993041992,control-3,source_patch,9,0.6549999713897705
attn_out,4.150705337524414,control-3,zero_ablate,9,0.0
attn_out,0.0,control-3,clean_rescue,9,0.0
mlp_out,29.56424331665039,control-3,source_patch,9,1.0
mlp_out,15.400124549865723,control-3,zero_ablate,9,0.28999999165534973
mlp_out,0.0,control-3,clean_rescue,9,0.0
