intervention,mean_delta_s,model,raw_tens_sum,source_tens_argmax_fraction
source_attn,23.5860652923584,excluded-1,8,1.0
source_attn_clean_mlp_restore,4.192968368530273,excluded-1,8,0.07500000298023224
source_mlp,17.963272094726562,excluded-1,8,0.8349999785423279
both_source,23.702733993530273,excluded-1,8,1.0
zero_both,8.754400253295898,excluded-1,8,0.27000001072883606
zero_attn_clean_mlp_restore,1.1151258945465088,excluded-1,8,0.004999999888241291
source_attn,0.7660191059112549,excluded-1,9,0.0
source_attn_clean_mlp_restore,-2.0870275497436523,excluded-1,9,0.0
source_mlp,1.6040968894958496,excluded-1,9,0.0
both_source,0.7629989385604858,excluded-1,9,0.0
zero_both,5.340234756469727,excluded-1,9,0.0
zero_attn_clean_mlp_restore,-2.1243088245391846,excluded-1,9,0.0
source_attn,15.33340072631836,control-1,8,1.0
source_attn_clean_mlp_restore,2.4965827465057373,control-1,8,0.0
source_mlp,12.77447509765625,control-1,8,0.9850000143051147
both_source,15.441015243530273,control-1,8,1.0
zero_both,6.030349254608154,control-1,8,0.10499999672174454
zero_attn_clean_mlp_restore,0.22658532857894897,control-1,8,0.0
source_attn,14.817182540893555,control-1,9,1.0
source_attn_clean_mlp_restore,2.353093385696411,control-1,9,0.0
source_mlp,13.844289779663086,control-1,9,0.9700000286102295
both_source,15.137314796447754,control-1,9,1.0
zero_both,6.290259838104248,control-1,9,0.0
zero_attn_clean_mlp_restore,0.048906292766332626,control-1,9,0.0
source_attn,24.927318572998047,excluded-2,8,1.0
source_attn_clean_mlp_restore,8.781817436218262,excluded-2,8,0.13500000536441803
source_mlp,16.755216598510742,excluded-2,8,0.8349999785423279
both_source,25.136781692504883,excluded-2,8,1.0
zero_both,17.74896240234375,excluded-2,8,0.5849999785423279
zero_attn_clean_mlp_restore,4.179844856262207,excluded-2,8,0.009999999776482582
source_attn,2.594931125640869,excluded-2,9,0.0
source_attn_clean_mlp_restore,0.2633446753025055,excluded-2,9,0.0
source_mlp,2.491758108139038,excluded-2,9,0.0
both_source,3.0868494510650635,excluded-2,9,0.0
zero_both,4.426012992858887,excluded-2,9,0.0
zero_attn_clean_mlp_restore,-0.3399263024330139,excluded-2,9,0.0
source_attn,37.12957000732422,control-2,8,1.0
source_attn_clean_mlp_restore,7.130980014801025,control-2,8,0.0
source_mlp,28.957796096801758,control-2,8,0.9850000143051147
both_source,37.43071365356445,control-2,8,1.0
zero_both,26.22066879272461,control-2,8,0.9200000166893005
zero_attn_clean_mlp_restore,2.9537103176116943,control-2,8,0.0
source_attn,36.52817916870117,control-2,9,1.0
source_attn_clean_mlp_restore,5.175546646118164,control-2,9,0.0
source_mlp,27.916767120361328,control-2,9,0.9850000143051147
both_source,37.290802001953125,control-2,9,1.0
zero_both,19.202796936035156,control-2,9,0.4399999976158142
zero_attn_clean_mlp_restore,0.3169429302215576,control-2,9,0.0
source_attn,23.123310089111328,excluded-3,8,0.9100000262260437
source_attn_clean_mlp_restore,6.695192813873291,excluded-3,8,0.0
source_mlp,13.616769790649414,excluded-3,8,0.14000000059604645
both_source,28.016738891601562,excluded-3,8,1.0
zero_both,4.447562217712402,excluded-3,8,0.0
zero_attn_clean_mlp_restore,1.358198881149292,excluded-3,8,0.0
source_attn,-0.693979799747467,excluded-3,9,0.0
source_attn_clean_mlp_restore,-0.7937616109848022,excluded-3,9,0.0
source_mlp,-0.5887863039970398,excluded-3,9,0.0
both_source,-0.17281252145767212,excluded-3,9,0.0
zero_both,14.45849895477295,excluded-3,9,0.0
zero_attn_clean_mlp_restore,-0.9109808206558228,excluded-3,9,0.0
source_attn,20.652463912963867,control-3,8,0.7149999737739563
source_attn_clean_mlp_restore,5.384275913238525,control-3,8,0.0
source_mlp,22.208681106567383,control-3,8,0.8349999785423279
both_source,32.44090270996094,control-3,8,1.0
zero_both,10.372757911682129,control-3,8,0.029999999329447746
zero_attn_clean_mlp_restore,1.7716528177261353,control-3,8,0.0
source_attn,22.673389434814453,control-3,9,0.7049999833106995
source_attn_clean_mlp_restore,1.7236443758010864,control-3,9,0.0
source_mlp,30.21442413330078,control-3,9,1.0
both_source,36.023197174072266,control-3,9,1.0
zero_both,13.161494255065918,control-3,9,0.14499999582767487
zero_attn_clean_mlp_restore,-0.0011180639266967773,control-3,9,0.0
