amplitude_in_matched_scales,jvp_fd_correlation,mean_delta_s,mean_finite_difference_gain,mean_gradient_gain,model,phase,scale,sign_agreement,source_tens_argmax_fraction
-1.0,,10.728821754455566,,,excluded-1,signed_intervention,15.816357612609863,,0.0949999988079071
-0.5,,5.203998565673828,,,excluded-1,signed_intervention,15.816357612609863,,0.0
0.0,,0.0,,,excluded-1,signed_intervention,15.816357612609863,,0.0
0.5,,-1.9647778272628784,,,excluded-1,signed_intervention,15.816357612609863,,0.0
1.0,,0.6060085296630859,,,excluded-1,signed_intervention,15.816357612609863,,0.0
,0.9999997019767761,,-0.5878355503082275,-0.5878502130508423,excluded-1,readout_gain,,1.0,
-1.0,,3.0797417163848877,,,control-1,signed_intervention,10.283085823059082,,0.0
-0.5,,0.678662896156311,,,control-1,signed_intervention,10.283085823059082,,0.0
0.0,,0.0,,,control-1,signed_intervention,10.283085823059082,,0.0
0.5,,6.57106876373291,,,control-1,signed_intervention,10.283085823059082,,0.27000001072883606
1.0,,14.543004035949707,,,control-1,signed_intervention,10.283085823059082,,0.9900000095367432
,0.9999998807907104,,0.21717716753482819,0.21716231107711792,control-1,readout_gain,,1.0,
-1.0,,8.675378799438477,,,excluded-2,signed_intervention,14.84277629852295,,0.0
-0.5,,3.339627742767334,,,excluded-2,signed_intervention,14.84277629852295,,0.0
0.0,,0.0,,,excluded-2,signed_intervention,14.84277629852295,,0.0
0.5,,0.03296242281794548,,,excluded-2,signed_intervention,14.84277629852295,,0.0
1.0,,2.537423610687256,,,excluded-2,signed_intervention,14.84277629852295,,0.0
,0.9999998211860657,,-0.23945565521717072,-0.23945878446102142,excluded-2,readout_gain,,1.0,
-1.0,,1.4650012254714966,,,control-2,signed_intervention,13.681909561157227,,0.0
-0.5,,-0.4373147487640381,,,control-2,signed_intervention,13.681909561157227,,0.0
0.0,,0.0,,,control-2,signed_intervention,13.681909561157227,,0.0
0.5,,16.358787536621094,,,control-2,signed_intervention,13.681909561157227,,0.2849999964237213
1.0,,37.06483459472656,,,control-2,signed_intervention,13.681909561157227,,1.0
,0.9999995827674866,,0.4985957443714142,0.49857571721076965,control-2,readout_gain,,1.0,
-1.0,,10.383441925048828,,,excluded-3,signed_intervention,8.349203109741211,,0.0
-0.5,,4.622110843658447,,,excluded-3,signed_intervention,8.349203109741211,,0.0
0.0,,0.0,,,excluded-3,signed_intervention,8.349203109741211,,0.0
0.5,,-1.2754439115524292,,,excluded-3,signed_intervention,8.349203109741211,,0.0
1.0,,-0.45338571071624756,,,excluded-3,signed_intervention,8.349203109741211,,0.0
,0.9999995827674866,,-0.7368836402893066,-0.7368972301483154,excluded-3,readout_gain,,1.0,
-1.0,,1.7219038009643555,,,control-3,signed_intervention,13.240090370178223,,0.0
-0.5,,-0.4998187720775604,,,control-3,signed_intervention,13.240090370178223,,0.0
0.0,,0.0,,,control-3,signed_intervention,13.240090370178223,,0.0
0.5,,13.5474271774292,,,control-3,signed_intervention,13.240090370178223,,0.2800000011920929
1.0,,33.8641471862793,,,control-3,signed_intervention,13.240090370178223,,1.0
,0.9999997019767761,,0.4163460433483124,0.41634461283683777,control-3,readout_gain,,1.0,
