mean_delta_s,model,phase,site,source_tens_argmax_fraction
0.47011488676071167,excluded-1,l0_equals_source_patch,l0_post_equals,0.0
0.0,excluded-1,units_source_patch,l0_pre_units,0.0
0.0,excluded-1,l0_patch_clean_units_restore,l0_pre_units,0.0
0.11070773750543594,excluded-1,units_source_patch,l0_post_units,0.0
0.0,excluded-1,l0_patch_clean_units_restore,l0_post_units,0.0
0.11070773750543594,excluded-1,units_source_patch,l1_pre_units,0.0
0.0,excluded-1,l0_patch_clean_units_restore,l1_pre_units,0.0
0.8956376910209656,excluded-1,units_source_patch,l1_post_units,0.0
-1.0007147789001465,excluded-1,l0_patch_clean_units_restore,l1_post_units,0.0
0.8956376910209656,excluded-1,units_source_patch,l2_pre_units,0.0
-1.0007147789001465,excluded-1,l0_patch_clean_units_restore,l2_pre_units,0.0
0.8871619701385498,excluded-1,units_source_patch,l2_post_units,0.0
-0.6932380199432373,excluded-1,l0_patch_clean_units_restore,l2_post_units,0.0
0.8871619701385498,excluded-1,units_source_patch,l3_pre_units,0.0
-0.6932380199432373,excluded-1,l0_patch_clean_units_restore,l3_pre_units,0.0
0.8371015787124634,excluded-1,units_source_patch,l3_post_units,0.0
-0.47011488676071167,excluded-1,l0_patch_clean_units_restore,l3_post_units,0.0
15.013141632080078,control-1,l0_equals_source_patch,l0_post_equals,0.9900000095367432
0.0,control-1,units_source_patch,l0_pre_units,0.0
0.0,control-1,l0_patch_clean_units_restore,l0_pre_units,0.9900000095367432
0.32889601588249207,control-1,units_source_patch,l0_post_units,0.0
0.0,control-1,l0_patch_clean_units_restore,l0_post_units,0.9900000095367432
0.32889601588249207,control-1,units_source_patch,l1_pre_units,0.0
0.0,control-1,l0_patch_clean_units_restore,l1_pre_units,0.9900000095367432
15.153778076171875,control-1,units_source_patch,l1_post_units,1.0
-14.904521942138672,control-1,l0_patch_clean_units_restore,l1_post_units,0.0
15.153778076171875,control-1,units_source_patch,l2_pre_units,1.0
-14.904521942138672,control-1,l0_patch_clean_units_restore,l2_pre_units,0.0
15.670021057128906,control-1,units_source_patch,l2_post_units,1.0
-15.051198959350586,control-1,l0_patch_clean_units_restore,l2_post_units,0.0
15.670021057128906,control-1,units_source_patch,l3_pre_units,1.0
-15.051198959350586,control-1,l0_patch_clean_units_restore,l3_pre_units,0.0
15.839669227600098,control-1,units_source_patch,l3_post_units,1.0
-15.013141632080078,control-1,l0_patch_clean_units_restore,l3_post_units,0.0
2.117648124694824,excluded-2,l0_equals_source_patch,l0_post_equals,0.0
0.0,excluded-2,units_source_patch,l0_pre_units,0.0
0.0,excluded-2,l0_patch_clean_units_restore,l0_pre_units,0.0
-0.3549431562423706,excluded-2,units_source_patch,l0_post_units,0.0
0.0,excluded-2,l0_patch_clean_units_restore,l0_post_units,0.0
-0.3549431562423706,excluded-2,units_source_patch,l1_pre_units,0.0
0.0,excluded-2,l0_patch_clean_units_restore,l1_pre_units,0.0
2.747657537460327,excluded-2,units_source_patch,l1_post_units,0.0
-2.4387972354888916,excluded-2,l0_patch_clean_units_restore,l1_post_units,0.0
2.747657537460327,excluded-2,units_source_patch,l2_pre_units,0.0
-2.4387972354888916,excluded-2,l0_patch_clean_units_restore,l2_pre_units,0.0
2.9855096340179443,excluded-2,units_source_patch,l2_post_units,0.0
-2.1432299613952637,excluded-2,l0_patch_clean_units_restore,l2_post_units,0.0
2.9855096340179443,excluded-2,units_source_patch,l3_pre_units,0.0
-2.1432299613952637,excluded-2,l0_patch_clean_units_restore,l3_pre_units,0.0
3.0169360637664795,excluded-2,units_source_patch,l3_post_units,0.0
-2.117648124694824,excluded-2,l0_patch_clean_units_restore,l3_post_units,0.0
36.265750885009766,control-2,l0_equals_source_patch,l0_post_equals,1.0
0.0,control-2,units_source_patch,l0_pre_units,0.0
0.0,control-2,l0_patch_clean_units_restore,l0_pre_units,1.0
0.2539701759815216,control-2,units_source_patch,l0_post_units,0.0
0.0,control-2,l0_patch_clean_units_restore,l0_post_units,1.0
0.2539701759815216,control-2,units_source_patch,l1_pre_units,0.0
0.0,control-2,l0_patch_clean_units_restore,l1_pre_units,1.0
37.3629035949707,control-2,units_source_patch,l1_post_units,1.0
-36.262420654296875,control-2,l0_patch_clean_units_restore,l1_post_units,0.0
37.3629035949707,control-2,units_source_patch,l2_pre_units,1.0
-36.262420654296875,control-2,l0_patch_clean_units_restore,l2_pre_units,0.0
37.731781005859375,control-2,units_source_patch,l2_post_units,1.0
-36.248043060302734,control-2,l0_patch_clean_units_restore,l2_post_units,0.0
37.731781005859375,control-2,units_source_patch,l3_pre_units,1.0
-36.248043060302734,control-2,l0_patch_clean_units_restore,l3_pre_units,0.0
37.786216735839844,control-2,units_source_patch,l3_post_units,1.0
-36.265750885009766,control-2,l0_patch_clean_units_restore,l3_post_units,0.0
-1.0982686281204224,excluded-3,l0_equals_source_patch,l0_post_equals,0.0
0.0,excluded-3,units_source_patch,l0_pre_units,0.0
0.0,excluded-3,l0_patch_clean_units_restore,l0_pre_units,0.0
-0.600532591342926,excluded-3,units_source_patch,l0_post_units,0.0
0.0,excluded-3,l0_patch_clean_units_restore,l0_post_units,0.0
-0.600532591342926,excluded-3,units_source_patch,l1_pre_units,0.0
0.0,excluded-3,l0_patch_clean_units_restore,l1_pre_units,0.0
-0.04672568291425705,excluded-3,units_source_patch,l1_post_units,0.0
0.6854298114776611,excluded-3,l0_patch_clean_units_restore,l1_post_units,0.0
-0.04672568291425705,excluded-3,units_source_patch,l2_pre_units,0.0
0.6854298114776611,excluded-3,l0_patch_clean_units_restore,l2_pre_units,0.0
0.09329313039779663,excluded-3,units_source_patch,l2_post_units,0.0
1.1113024950027466,excluded-3,l0_patch_clean_units_restore,l2_post_units,0.0
0.09329313039779663,excluded-3,units_source_patch,l3_pre_units,0.0
1.1113024950027466,excluded-3,l0_patch_clean_units_restore,l3_pre_units,0.0
0.12152549624443054,excluded-3,units_source_patch,l3_post_units,0.0
1.0982686281204224,excluded-3,l0_patch_clean_units_restore,l3_post_units,0.0
11.459136962890625,control-3,l0_equals_source_patch,l0_post_equals,0.2199999988079071
0.0,control-3,units_source_patch,l0_pre_units,0.0
0.0,control-3,l0_patch_clean_units_restore,l0_pre_units,0.2199999988079071
14.476714134216309,control-3,units_source_patch,l0_post_units,0.24500000476837158
0.0,control-3,l0_patch_clean_units_restore,l0_post_units,0.2199999988079071
14.476714134216309,control-3,units_source_patch,l1_pre_units,0.24500000476837158
0.0,control-3,l0_patch_clean_units_restore,l1_pre_units,0.2199999988079071
36.59647750854492,control-3,units_source_patch,l1_post_units,1.0
-11.398716926574707,control-3,l0_patch_clean_units_restore,l1_post_units,0.0
36.59647750854492,control-3,units_source_patch,l2_pre_units,1.0
-11.398716926574707,control-3,l0_patch_clean_units_restore,l2_pre_units,0.0
36.2913818359375,control-3,units_source_patch,l2_post_units,1.0
-11.311978340148926,control-3,l0_patch_clean_units_restore,l2_post_units,0.0
36.2913818359375,control-3,units_source_patch,l3_pre_units,1.0
-11.311978340148926,control-3,l0_patch_clean_units_restore,l3_pre_units,0.0
36.306392669677734,control-3,units_source_patch,l3_post_units,1.0
-11.459136962890625,control-3,l0_patch_clean_units_restore,l3_post_units,0.0
