jvp_fd_correlation,mean_delta_s_at_positive_scale,mean_finite_difference_gain,mean_gradient_gain,model,scale,site,source_tens_argmax_fraction
0.9999997019767761,0.6060085296630859,-0.5878355503082275,-0.5878502130508423,excluded-1,15.816357612609863,l1_post_units,0.0
0.9999997019767761,0.9122607707977295,-0.4190482199192047,-0.4190519452095032,excluded-1,21.953876495361328,l2_post_units,0.0
0.9999984502792358,0.432327002286911,-0.166279137134552,-0.16628128290176392,excluded-1,17.39313316345215,l3_post_units,0.0
0.9999998807907104,14.543004035949707,0.21717716753482819,0.21716231107711792,control-1,10.283085823059082,l1_post_units,0.9900000095367432
0.9999999403953552,15.4318208694458,0.3272579312324524,0.3272625207901001,control-1,14.507920265197754,l2_post_units,1.0
0.9999998807907104,15.801342964172363,0.42835450172424316,0.42835140228271484,control-1,20.904314041137695,l3_post_units,1.0
0.9999998211860657,2.537423610687256,-0.23945565521717072,-0.23945878446102142,excluded-2,14.84277629852295,l1_post_units,0.0
0.999999463558197,2.707996129989624,-0.16058588027954102,-0.16056877374649048,excluded-2,18.41152572631836,l2_post_units,0.0
0.9999968409538269,2.7823967933654785,-0.01996791921555996,-0.019963538274168968,excluded-2,16.76996421813965,l3_post_units,0.0
0.9999995827674866,37.06483459472656,0.4985957443714142,0.49857571721076965,control-2,13.681909561157227,l1_post_units,1.0
0.999999463558197,37.44105529785156,0.6393715739250183,0.6393847465515137,control-2,18.31343650817871,l2_post_units,1.0
0.9999985694885254,37.80364990234375,0.4296126067638397,0.42961156368255615,control-2,44.62627410888672,l3_post_units,1.0
0.9999995827674866,-0.45338571071624756,-0.7368836402893066,-0.7368972301483154,excluded-3,8.349203109741211,l1_post_units,0.0
0.9999987483024597,-0.1879754215478897,-0.41142013669013977,-0.41142311692237854,excluded-3,11.002856254577637,l2_post_units,0.0
0.999992847442627,-0.10823410004377365,-0.1769844889640808,-0.17697452008724213,excluded-3,13.495513916015625,l3_post_units,0.0
0.9999997019767761,33.8641471862793,0.4163460433483124,0.41634461283683777,control-3,13.240090370178223,l1_post_units,1.0
0.9999995827674866,35.926143646240234,0.5825356841087341,0.5825487375259399,control-3,17.932676315307617,l2_post_units,1.0
0.999999463558197,36.34067153930664,0.4066278338432312,0.4066348969936371,control-3,46.8747673034668,l3_post_units,1.0
