absolute_cosine,basis,mean_delta_s,model,phase,source_argmax_fraction,task
0.9845815896987915,,,excluded-1,direction_similarity,,
,native,0.602641224861145,excluded-1,cross_task_projection,0.0,units_to_tens
,cross_position,0.5638672113418579,excluded-1,cross_task_projection,0.0,units_to_tens
,native,-0.12147389352321625,excluded-1,cross_task_projection,0.0,tens_to_hundreds
,cross_position,-0.06813622266054153,excluded-1,cross_task_projection,0.0,tens_to_hundreds
0.977921187877655,,,control-1,direction_similarity,,
,native,14.687507629394531,control-1,cross_task_projection,1.0,units_to_tens
,cross_position,14.546235084533691,control-1,cross_task_projection,1.0,units_to_tens
,native,13.892457008361816,control-1,cross_task_projection,0.9950000047683716,tens_to_hundreds
,cross_position,13.279709815979004,control-1,cross_task_projection,0.9800000190734863,tens_to_hundreds
0.9855034351348877,,,excluded-2,direction_similarity,,
,native,2.500354528427124,excluded-2,cross_task_projection,0.0,units_to_tens
,cross_position,1.6814006567001343,excluded-2,cross_task_projection,0.0,units_to_tens
,native,0.5114932656288147,excluded-2,cross_task_projection,0.0,tens_to_hundreds
,cross_position,1.2035516500473022,excluded-2,cross_task_projection,0.0,tens_to_hundreds
0.9848541021347046,,,control-2,direction_similarity,,
,native,37.02199935913086,control-2,cross_task_projection,1.0,units_to_tens
,cross_position,37.08224105834961,control-2,cross_task_projection,1.0,units_to_tens
,native,36.20938491821289,control-2,cross_task_projection,1.0,tens_to_hundreds
,cross_position,35.27046203613281,control-2,cross_task_projection,1.0,tens_to_hundreds
0.9657264947891235,,,excluded-3,direction_similarity,,
,native,-0.4485538899898529,excluded-3,cross_task_projection,0.0,units_to_tens
,cross_position,-0.6093702912330627,excluded-3,cross_task_projection,0.0,units_to_tens
,native,-0.8044199347496033,excluded-3,cross_task_projection,0.0,tens_to_hundreds
,cross_position,-0.7519898414611816,excluded-3,cross_task_projection,0.0,tens_to_hundreds
0.9781956672668457,,,control-3,direction_similarity,,
,native,34.003578186035156,control-3,cross_task_projection,1.0,units_to_tens
,cross_position,32.87308883666992,control-3,cross_task_projection,1.0,units_to_tens
,native,33.4884147644043,control-3,cross_task_projection,1.0,tens_to_hundreds
,cross_position,33.513919830322266,control-3,cross_task_projection,1.0,tens_to_hundreds
