model,width,layer,carry_column,accuracy
fixed3,3,0,1,1.0
fixed3,3,0,2,0.5493999719619751
fixed3,3,0,3,0.5116000175476074
fixed3,3,1,1,1.0
fixed3,3,1,2,0.7214000225067139
fixed3,3,1,3,0.6244000196456909
fixed3,3,2,1,1.0
fixed3,3,2,2,0.7305999994277954
fixed3,3,2,3,0.6818000078201294
fixed3,3,3,1,1.0
fixed3,3,3,2,0.7563999891281128
fixed3,3,3,3,0.7049999833106995
mixed3,3,0,1,1.0
mixed3,3,0,2,0.5479999780654907
mixed3,3,0,3,0.5091999769210815
mixed3,3,1,1,1.0
mixed3,3,1,2,0.6801999807357788
mixed3,3,1,3,0.6251999735832214
mixed3,3,2,1,1.0
mixed3,3,2,2,0.6747999787330627
mixed3,3,2,3,0.6601999998092651
mixed3,3,3,1,1.0
mixed3,3,3,2,0.6460000276565552
mixed3,3,3,3,0.5090000033378601
direct4,4,0,1,1.0
direct4,4,0,2,0.545199990272522
direct4,4,0,3,0.5378000140190125
direct4,4,0,4,0.6444000005722046
direct4,4,1,1,1.0
direct4,4,1,2,0.6660000085830688
direct4,4,1,3,0.6399999856948853
direct4,4,1,4,0.6782000064849854
direct4,4,2,1,1.0
direct4,4,2,2,0.715399980545044
direct4,4,2,3,0.6567999720573425
direct4,4,2,4,0.6791999936103821
direct4,4,3,1,1.0
direct4,4,3,2,0.6783999800682068
direct4,4,3,3,0.6444000005722046
direct4,4,3,4,0.6553999781608582
