jvp_norm,model,phase,raw_tens_sum,score_jvp,transported_projection
1.0234932899475098,excluded-1,context_jvp,8,0.24889589846134186,0.901715874671936
0.8896750807762146,excluded-1,context_jvp,9,-0.5434393882751465,0.7846022844314575
-0.13381820917129517,excluded-1,raw9_minus_raw8,9,-0.7923352867364883,-0.11711359024047852
0.9047126770019531,control-1,context_jvp,8,0.3590071201324463,0.7618119716644287
0.8995001316070557,control-1,context_jvp,9,0.1639711707830429,0.780363142490387
-0.005212545394897461,control-1,raw9_minus_raw8,9,-0.19503594934940338,0.018551170825958252
0.5863952040672302,excluded-2,context_jvp,8,0.23546695709228516,0.4479159414768219
0.5936232209205627,excluded-2,context_jvp,9,-0.2056121826171875,0.44505542516708374
0.0072280168533325195,excluded-2,raw9_minus_raw8,9,-0.44107913970947266,-0.002860516309738159
0.6555954813957214,control-2,context_jvp,8,0.21699905395507812,0.5040838718414307
0.6992049217224121,control-2,context_jvp,9,0.34546375274658203,0.574236273765564
0.043609440326690674,control-2,raw9_minus_raw8,9,0.1284646987915039,0.0701524019241333
0.30445757508277893,excluded-3,context_jvp,8,0.20160436630249023,0.2062602937221527
0.30245089530944824,excluded-3,context_jvp,9,-0.1764512062072754,0.21148189902305603
-0.0020066797733306885,excluded-3,raw9_minus_raw8,9,-0.3780555725097656,0.00522160530090332
0.2993811368942261,control-3,context_jvp,8,0.18280267715454102,0.21276959776878357
0.33821651339530945,control-3,context_jvp,9,0.12066125869750977,0.24308572709560394
0.038835376501083374,control-3,raw9_minus_raw8,9,-0.06214141845703125,0.030316129326820374
