mean_delta_s,model,phase,source_hundreds_argmax_fraction,subspace
-0.12147389352321625,excluded-1,projected_sufficiency,0.0,learned
0.35120582580566406,excluded-1,projected_removal,0.0,learned
-0.08159252256155014,excluded-1,projected_sufficiency,0.0,random
0.4387166500091553,excluded-1,projected_removal,0.0,random
-0.0837743952870369,excluded-1,projected_sufficiency,0.0,random
0.03117581643164158,excluded-1,projected_removal,0.0,random
-0.2943624258041382,excluded-1,projected_sufficiency,0.0,random
0.6563177704811096,excluded-1,projected_removal,0.0,random
-0.010929908603429794,excluded-1,projected_sufficiency,0.0,random
0.36647117137908936,excluded-1,projected_removal,0.0,random
-0.3386986255645752,excluded-1,projected_sufficiency,0.0,random
1.4259405136108398,excluded-1,projected_removal,0.0,random
-0.1436557173728943,excluded-1,projected_sufficiency,0.0,random
0.521660566329956,excluded-1,projected_removal,0.0,random
0.08672259002923965,excluded-1,projected_sufficiency,0.0,random
0.3413586914539337,excluded-1,projected_removal,0.0,random
0.22945910692214966,excluded-1,projected_sufficiency,0.0,random
0.2735537588596344,excluded-1,projected_removal,0.0,random
-0.35567352175712585,excluded-1,projected_sufficiency,0.0,random
-0.26356810331344604,excluded-1,projected_removal,0.0,random
-0.19981765747070312,excluded-1,projected_sufficiency,0.0,random
0.34177666902542114,excluded-1,projected_removal,0.0,random
13.892457008361816,control-1,projected_sufficiency,0.9950000047683716,learned
0.816419243812561,control-1,projected_removal,0.0,learned
0.044395118951797485,control-1,projected_sufficiency,0.0,random
14.220271110534668,control-1,projected_removal,0.9950000047683716,random
0.023352203890681267,control-1,projected_sufficiency,0.0,random
14.250685691833496,control-1,projected_removal,0.9950000047683716,random
-0.331328809261322,control-1,projected_sufficiency,0.0,random
14.831765174865723,control-1,projected_removal,0.9950000047683716,random
-0.01761087030172348,control-1,projected_sufficiency,0.0,random
14.46826171875,control-1,projected_removal,0.9950000047683716,random
-0.16517072916030884,control-1,projected_sufficiency,0.0,random
14.87382698059082,control-1,projected_removal,0.9950000047683716,random
0.5158261656761169,control-1,projected_sufficiency,0.0,random
13.908239364624023,control-1,projected_removal,0.9950000047683716,random
0.016481680795550346,control-1,projected_sufficiency,0.0,random
14.54110336303711,control-1,projected_removal,0.9950000047683716,random
0.24479305744171143,control-1,projected_sufficiency,0.0,random
14.55797004699707,control-1,projected_removal,0.9950000047683716,random
-0.08626988530158997,control-1,projected_sufficiency,0.0,random
14.401817321777344,control-1,projected_removal,0.9950000047683716,random
0.0034089351538568735,control-1,projected_sufficiency,0.0,random
14.470685005187988,control-1,projected_removal,0.9950000047683716,random
0.5114932656288147,excluded-2,projected_sufficiency,0.0,learned
-0.005642743315547705,excluded-2,projected_removal,0.0,learned
0.13146306574344635,excluded-2,projected_sufficiency,0.0,random
0.5037024021148682,excluded-2,projected_removal,0.0,random
0.04902996867895126,excluded-2,projected_sufficiency,0.0,random
0.40728211402893066,excluded-2,projected_removal,0.0,random
0.0876818373799324,excluded-2,projected_sufficiency,0.0,random
0.590678870677948,excluded-2,projected_removal,0.0,random
-0.3968524634838104,excluded-2,projected_sufficiency,0.0,random
0.4576212763786316,excluded-2,projected_removal,0.0,random
0.35418710112571716,excluded-2,projected_sufficiency,0.0,random
0.45947784185409546,excluded-2,projected_removal,0.0,random
0.06994082778692245,excluded-2,projected_sufficiency,0.0,random
0.989440381526947,excluded-2,projected_removal,0.0,random
-0.1721424162387848,excluded-2,projected_sufficiency,0.0,random
0.6007978320121765,excluded-2,projected_removal,0.0,random
0.017176037654280663,excluded-2,projected_sufficiency,0.0,random
0.5778751969337463,excluded-2,projected_removal,0.0,random
-0.09560302644968033,excluded-2,projected_sufficiency,0.0,random
0.7376036643981934,excluded-2,projected_removal,0.0,random
-0.008031701669096947,excluded-2,projected_sufficiency,0.0,random
0.5962624549865723,excluded-2,projected_removal,0.0,random
36.20938491821289,control-2,projected_sufficiency,1.0,learned
0.5417539477348328,control-2,projected_removal,0.0,learned
0.9088494777679443,control-2,projected_sufficiency,0.0,random
36.16129684448242,control-2,projected_removal,1.0,random
0.6142603158950806,control-2,projected_sufficiency,0.0,random
36.54142761230469,control-2,projected_removal,1.0,random
-0.009463062509894371,control-2,projected_sufficiency,0.0,random
37.1640510559082,control-2,projected_removal,1.0,random
0.13247506320476532,control-2,projected_sufficiency,0.0,random
36.135398864746094,control-2,projected_removal,1.0,random
0.09689754247665405,control-2,projected_sufficiency,0.0,random
37.05986404418945,control-2,projected_removal,1.0,random
0.04345909133553505,control-2,projected_sufficiency,0.0,random
37.02284240722656,control-2,projected_removal,1.0,random
-0.025928393006324768,control-2,projected_sufficiency,0.0,random
36.9855842590332,control-2,projected_removal,1.0,random
0.11347677558660507,control-2,projected_sufficiency,0.0,random
36.98344802856445,control-2,projected_removal,1.0,random
-0.19061921536922455,control-2,projected_sufficiency,0.0,random
37.04743576049805,control-2,projected_removal,1.0,random
0.15216198563575745,control-2,projected_sufficiency,0.0,random
36.22907638549805,control-2,projected_removal,1.0,random
-0.8044199347496033,excluded-3,projected_sufficiency,0.0,learned
0.8106680512428284,excluded-3,projected_removal,0.0,learned
0.1297941952943802,excluded-3,projected_sufficiency,0.0,random
-0.5094519257545471,excluded-3,projected_removal,0.0,random
0.01841844990849495,excluded-3,projected_sufficiency,0.0,random
-0.39629554748535156,excluded-3,projected_removal,0.0,random
0.04032830893993378,excluded-3,projected_sufficiency,0.0,random
-0.37795108556747437,excluded-3,projected_removal,0.0,random
0.09486369788646698,excluded-3,projected_sufficiency,0.0,random
-0.3738340735435486,excluded-3,projected_removal,0.0,random
-0.016702938824892044,excluded-3,projected_sufficiency,0.0,random
-0.5104769468307495,excluded-3,projected_removal,0.0,random
-0.05912412330508232,excluded-3,projected_sufficiency,0.0,random
-0.37533995509147644,excluded-3,projected_removal,0.0,random
0.025851579383015633,excluded-3,projected_sufficiency,0.0,random
-0.3399180471897125,excluded-3,projected_removal,0.0,random
0.13842642307281494,excluded-3,projected_sufficiency,0.0,random
-0.36142241954803467,excluded-3,projected_removal,0.0,random
-0.004648413509130478,excluded-3,projected_sufficiency,0.0,random
-0.36822640895843506,excluded-3,projected_removal,0.0,random
0.007163209840655327,excluded-3,projected_sufficiency,0.0,random
-0.37682563066482544,excluded-3,projected_removal,0.0,random
33.4884147644043,control-3,projected_sufficiency,1.0,learned
2.4112188816070557,control-3,projected_removal,0.0,learned
0.003775477409362793,control-3,projected_sufficiency,0.0,random
35.68458557128906,control-3,projected_removal,1.0,random
0.3397265672683716,control-3,projected_sufficiency,0.0,random
36.143619537353516,control-3,projected_removal,1.0,random
0.17920857667922974,control-3,projected_sufficiency,0.0,random
36.0812873840332,control-3,projected_removal,1.0,random
0.07721599191427231,control-3,projected_sufficiency,0.0,random
35.90839767456055,control-3,projected_removal,1.0,random
0.02628994919359684,control-3,projected_sufficiency,0.0,random
35.93942642211914,control-3,projected_removal,1.0,random
-0.003868274623528123,control-3,projected_sufficiency,0.0,random
35.94652557373047,control-3,projected_removal,1.0,random
-0.006556167732924223,control-3,projected_sufficiency,0.0,random
36.00318145751953,control-3,projected_removal,1.0,random
0.043558765202760696,control-3,projected_sufficiency,0.0,random
35.96368408203125,control-3,projected_removal,1.0,random
-0.02761054039001465,control-3,projected_sufficiency,0.0,random
36.050838470458984,control-3,projected_removal,1.0,random
0.00217297556810081,control-3,projected_sufficiency,0.0,random
36.05906295776367,control-3,projected_removal,1.0,random
