baseline_target_exact_fraction,edited_source_exact_fraction,edited_target_exact_fraction,mean_answer_shift,model,raw_tens_sum
1.0,0.9900000095367432,0.009999999776482582,9.899999618530273,excluded-1,7
1.0,0.9350000023841858,0.06499999761581421,9.350000381469727,excluded-1,8
1.0,0.0,1.0,0.0,excluded-1,9
1.0,1.0,0.0,10.0,excluded-1,10
1.0,1.0,0.0,10.0,excluded-1,11
1.0,0.9900000095367432,0.009999999776482582,9.899999618530273,control-1,7
1.0,0.9700000286102295,0.029999999329447746,9.699999809265137,control-1,8
1.0,0.949999988079071,0.0,5.0,control-1,9
1.0,0.9800000190734863,0.0,8.0,control-1,10
1.0,0.9049999713897705,0.0949999988079071,9.050000190734863,control-1,11
1.0,1.0,0.0,10.0,excluded-2,7
1.0,1.0,0.0,10.0,excluded-2,8
1.0,0.0,1.0,0.0,excluded-2,9
1.0,1.0,0.0,10.0,excluded-2,10
1.0,1.0,0.0,10.0,excluded-2,11
1.0,1.0,0.0,10.0,control-2,7
1.0,1.0,0.0,10.0,control-2,8
1.0,1.0,0.0,10.0,control-2,9
1.0,1.0,0.0,10.0,control-2,10
1.0,1.0,0.0,10.0,control-2,11
1.0,0.9100000262260437,0.09000000357627869,9.100000381469727,excluded-3,7
1.0,0.9100000262260437,0.09000000357627869,9.100000381469727,excluded-3,8
1.0,0.0,1.0,0.0,excluded-3,9
1.0,1.0,0.0,10.0,excluded-3,10
1.0,1.0,0.0,10.0,excluded-3,11
1.0,0.7599999904632568,0.23999999463558197,7.599999904632568,control-3,7
1.0,0.9350000023841858,0.06499999761581421,9.350000381469727,control-3,8
1.0,1.0,0.0,10.0,control-3,9
1.0,1.0,0.0,10.0,control-3,10
1.0,0.7049999833106995,0.29499998688697815,7.050000190734863,control-3,11
