dimension,mean_delta_s,model,phase,source_tens_argmax_fraction,subspace
1,1.2893635034561157,excluded-1,interaction_sufficiency,0.0,learned
1,-0.3227720260620117,excluded-1,interaction_removal,0.0,learned
1,0.049199603497982025,excluded-1,interaction_sufficiency,0.0,random
1,-0.07387461513280869,excluded-1,interaction_removal,0.0,random
1,0.014468295499682426,excluded-1,interaction_sufficiency,0.0,random
1,0.046608198434114456,excluded-1,interaction_removal,0.0,random
1,0.0887184739112854,excluded-1,interaction_sufficiency,0.0,random
1,-0.2179543823003769,excluded-1,interaction_removal,0.0,random
1,0.014477098360657692,excluded-1,interaction_sufficiency,0.0,random
1,0.016599563881754875,excluded-1,interaction_removal,0.0,random
1,0.009129423648118973,excluded-1,interaction_sufficiency,0.0,random
1,0.0050487397238612175,excluded-1,interaction_removal,0.0,random
1,0.04862332344055176,excluded-1,interaction_sufficiency,0.0,random
1,0.02504013478755951,excluded-1,interaction_removal,0.0,random
1,-0.01802590861916542,excluded-1,interaction_sufficiency,0.0,random
1,-0.05298520624637604,excluded-1,interaction_removal,0.0,random
1,0.057441119104623795,excluded-1,interaction_sufficiency,0.0,random
1,-0.07799749076366425,excluded-1,interaction_removal,0.0,random
1,0.04613200202584267,excluded-1,interaction_sufficiency,0.0,random
1,-0.008969409391283989,excluded-1,interaction_removal,0.0,random
1,0.078828364610672,excluded-1,interaction_sufficiency,0.0,random
1,0.05578796565532684,excluded-1,interaction_removal,0.0,random
2,1.5350165367126465,excluded-1,interaction_sufficiency,0.0,learned
2,-0.3400081396102905,excluded-1,interaction_removal,0.0,learned
2,-0.002537023974582553,excluded-1,interaction_sufficiency,0.0,random
2,0.008061754517257214,excluded-1,interaction_removal,0.0,random
2,0.054896965622901917,excluded-1,interaction_sufficiency,0.0,random
2,0.004631287883967161,excluded-1,interaction_removal,0.0,random
2,-0.05304538831114769,excluded-1,interaction_sufficiency,0.0,random
2,0.11531022936105728,excluded-1,interaction_removal,0.0,random
2,0.046162743121385574,excluded-1,interaction_sufficiency,0.0,random
2,-0.051247306168079376,excluded-1,interaction_removal,0.0,random
2,0.16143213212490082,excluded-1,interaction_sufficiency,0.0,random
2,0.0465233214199543,excluded-1,interaction_removal,0.0,random
2,0.04251246526837349,excluded-1,interaction_sufficiency,0.0,random
2,-0.019694603979587555,excluded-1,interaction_removal,0.0,random
2,0.08590593189001083,excluded-1,interaction_sufficiency,0.0,random
2,-0.10212457925081253,excluded-1,interaction_removal,0.0,random
2,0.03647645562887192,excluded-1,interaction_sufficiency,0.0,random
2,0.020652668550610542,excluded-1,interaction_removal,0.0,random
2,-0.03129884600639343,excluded-1,interaction_sufficiency,0.0,random
2,0.09976217150688171,excluded-1,interaction_removal,0.0,random
2,0.030020060017704964,excluded-1,interaction_sufficiency,0.0,random
2,-0.011713812127709389,excluded-1,interaction_removal,0.0,random
4,2.32340669631958,excluded-1,interaction_sufficiency,0.0,learned
4,-0.6889424920082092,excluded-1,interaction_removal,0.0,learned
4,-0.02307305485010147,excluded-1,interaction_sufficiency,0.0,random
4,0.039972543716430664,excluded-1,interaction_removal,0.0,random
4,0.10839854925870895,excluded-1,interaction_sufficiency,0.0,random
4,0.053997647017240524,excluded-1,interaction_removal,0.0,random
4,0.1225026398897171,excluded-1,interaction_sufficiency,0.0,random
4,0.057845309376716614,excluded-1,interaction_removal,0.0,random
4,0.26391687989234924,excluded-1,interaction_sufficiency,0.0,random
4,0.07219040393829346,excluded-1,interaction_removal,0.0,random
4,-0.0642537996172905,excluded-1,interaction_sufficiency,0.0,random
4,0.03487233817577362,excluded-1,interaction_removal,0.0,random
4,0.06525642424821854,excluded-1,interaction_sufficiency,0.0,random
4,-0.04579748958349228,excluded-1,interaction_removal,0.0,random
4,0.09954547137022018,excluded-1,interaction_sufficiency,0.0,random
4,-0.05424085631966591,excluded-1,interaction_removal,0.0,random
4,0.24654942750930786,excluded-1,interaction_sufficiency,0.0,random
4,-0.15391144156455994,excluded-1,interaction_removal,0.0,random
4,-0.07035741209983826,excluded-1,interaction_sufficiency,0.0,random
4,0.043113842606544495,excluded-1,interaction_removal,0.0,random
4,0.08086990565061569,excluded-1,interaction_sufficiency,0.0,random
4,-0.05825788155198097,excluded-1,interaction_removal,0.0,random
8,2.747755765914917,excluded-1,interaction_sufficiency,0.0,learned
8,-0.7940741181373596,excluded-1,interaction_removal,0.0,learned
8,-0.06865894049406052,excluded-1,interaction_sufficiency,0.0,random
8,-0.12515763938426971,excluded-1,interaction_removal,0.0,random
8,-0.09340836852788925,excluded-1,interaction_sufficiency,0.0,random
8,0.18915726244449615,excluded-1,interaction_removal,0.0,random
8,0.4091366231441498,excluded-1,interaction_sufficiency,0.0,random
8,-0.14802075922489166,excluded-1,interaction_removal,0.0,random
8,0.5180679559707642,excluded-1,interaction_sufficiency,0.0,random
8,-0.12016153335571289,excluded-1,interaction_removal,0.0,random
8,0.2035573571920395,excluded-1,interaction_sufficiency,0.0,random
8,-0.17429684102535248,excluded-1,interaction_removal,0.0,random
8,0.10147920250892639,excluded-1,interaction_sufficiency,0.0,random
8,-0.06718938797712326,excluded-1,interaction_removal,0.0,random
8,0.15089645981788635,excluded-1,interaction_sufficiency,0.0,random
8,0.07107329368591309,excluded-1,interaction_removal,0.0,random
8,0.20046983659267426,excluded-1,interaction_sufficiency,0.0,random
8,0.10060704499483109,excluded-1,interaction_removal,0.0,random
8,0.26867157220840454,excluded-1,interaction_sufficiency,0.0,random
8,0.1426026076078415,excluded-1,interaction_removal,0.0,random
8,0.28151223063468933,excluded-1,interaction_sufficiency,0.0,random
8,-0.11966068297624588,excluded-1,interaction_removal,0.0,random
16,2.8128461837768555,excluded-1,interaction_sufficiency,0.0,learned
16,-0.7924965023994446,excluded-1,interaction_removal,0.0,learned
16,0.3213099539279938,excluded-1,interaction_sufficiency,0.0,random
16,-0.17586062848567963,excluded-1,interaction_removal,0.0,random
16,0.27378737926483154,excluded-1,interaction_sufficiency,0.0,random
16,-0.05307672172784805,excluded-1,interaction_removal,0.0,random
16,0.6112269759178162,excluded-1,interaction_sufficiency,0.0,random
16,-0.06161849573254585,excluded-1,interaction_removal,0.0,random
16,-0.06699350476264954,excluded-1,interaction_sufficiency,0.0,random
16,-0.18186049163341522,excluded-1,interaction_removal,0.0,random
16,0.25487080216407776,excluded-1,interaction_sufficiency,0.0,random
16,-0.1961134374141693,excluded-1,interaction_removal,0.0,random
16,0.35555708408355713,excluded-1,interaction_sufficiency,0.0,random
16,-0.0025608681607991457,excluded-1,interaction_removal,0.0,random
16,0.4158856272697449,excluded-1,interaction_sufficiency,0.0,random
16,-0.2898254990577698,excluded-1,interaction_removal,0.0,random
16,0.1117708683013916,excluded-1,interaction_sufficiency,0.0,random
16,0.0038378811441361904,excluded-1,interaction_removal,0.0,random
16,0.7229437232017517,excluded-1,interaction_sufficiency,0.0,random
16,-0.3212619125843048,excluded-1,interaction_removal,0.0,random
16,0.24007034301757812,excluded-1,interaction_sufficiency,0.0,random
16,-0.38540565967559814,excluded-1,interaction_removal,0.0,random
32,2.815913200378418,excluded-1,interaction_sufficiency,0.0,learned
32,-0.8075770735740662,excluded-1,interaction_removal,0.0,learned
32,0.4561745524406433,excluded-1,interaction_sufficiency,0.0,random
32,-0.13605065643787384,excluded-1,interaction_removal,0.0,random
32,0.3763851225376129,excluded-1,interaction_sufficiency,0.0,random
32,0.10574784874916077,excluded-1,interaction_removal,0.0,random
32,0.9944732189178467,excluded-1,interaction_sufficiency,0.0,random
32,-0.6950745582580566,excluded-1,interaction_removal,0.0,random
32,0.8445995450019836,excluded-1,interaction_sufficiency,0.0,random
32,-0.22703967988491058,excluded-1,interaction_removal,0.0,random
32,0.7901238799095154,excluded-1,interaction_sufficiency,0.0,random
32,-0.4123191833496094,excluded-1,interaction_removal,0.0,random
32,0.7844558954238892,excluded-1,interaction_sufficiency,0.0,random
32,-0.2319253534078598,excluded-1,interaction_removal,0.0,random
32,0.9926316142082214,excluded-1,interaction_sufficiency,0.0,random
32,-0.09848687797784805,excluded-1,interaction_removal,0.0,random
32,0.36360418796539307,excluded-1,interaction_sufficiency,0.0,random
32,-0.08327442407608032,excluded-1,interaction_removal,0.0,random
32,0.4825578033924103,excluded-1,interaction_sufficiency,0.0,random
32,-0.2838813066482544,excluded-1,interaction_removal,0.0,random
32,0.39705127477645874,excluded-1,interaction_sufficiency,0.0,random
32,-0.3467963933944702,excluded-1,interaction_removal,0.0,random
64,2.8450217247009277,excluded-1,interaction_sufficiency,0.0,learned
64,-0.782118558883667,excluded-1,interaction_removal,0.0,learned
64,1.9296847581863403,excluded-1,interaction_sufficiency,0.0,random
64,-0.7625184059143066,excluded-1,interaction_removal,0.0,random
64,0.9261257648468018,excluded-1,interaction_sufficiency,0.0,random
64,-0.1705823838710785,excluded-1,interaction_removal,0.0,random
64,1.3579119443893433,excluded-1,interaction_sufficiency,0.0,random
64,-0.3405924141407013,excluded-1,interaction_removal,0.0,random
64,1.534985065460205,excluded-1,interaction_sufficiency,0.0,random
64,-0.6368064284324646,excluded-1,interaction_removal,0.0,random
64,1.7391257286071777,excluded-1,interaction_sufficiency,0.0,random
64,-0.7272580862045288,excluded-1,interaction_removal,0.0,random
64,2.3074159622192383,excluded-1,interaction_sufficiency,0.0,random
64,-0.9756330251693726,excluded-1,interaction_removal,0.0,random
64,1.7437139749526978,excluded-1,interaction_sufficiency,0.0,random
64,-0.45972076058387756,excluded-1,interaction_removal,0.0,random
64,1.1425701379776,excluded-1,interaction_sufficiency,0.0,random
64,-0.468546062707901,excluded-1,interaction_removal,0.0,random
64,1.0539590120315552,excluded-1,interaction_sufficiency,0.0,random
64,-0.23209263384342194,excluded-1,interaction_removal,0.0,random
64,1.5105892419815063,excluded-1,interaction_sufficiency,0.0,random
64,-0.4419715106487274,excluded-1,interaction_removal,0.0,random
128,2.8609063625335693,excluded-1,interaction_sufficiency,0.0,learned
128,-0.779650866985321,excluded-1,interaction_removal,0.0,learned
128,2.860907554626465,excluded-1,interaction_sufficiency,0.0,random
128,-0.7796510457992554,excluded-1,interaction_removal,0.0,random
128,2.8609073162078857,excluded-1,interaction_sufficiency,0.0,random
128,-0.7796507477760315,excluded-1,interaction_removal,0.0,random
128,2.8609073162078857,excluded-1,interaction_sufficiency,0.0,random
128,-0.7796508073806763,excluded-1,interaction_removal,0.0,random
128,2.860907554626465,excluded-1,interaction_sufficiency,0.0,random
128,-0.7796510457992554,excluded-1,interaction_removal,0.0,random
128,2.8609073162078857,excluded-1,interaction_sufficiency,0.0,random
128,-0.7796511054039001,excluded-1,interaction_removal,0.0,random
128,2.860907793045044,excluded-1,interaction_sufficiency,0.0,random
128,-0.7796511650085449,excluded-1,interaction_removal,0.0,random
128,2.8609070777893066,excluded-1,interaction_sufficiency,0.0,random
128,-0.7796505689620972,excluded-1,interaction_removal,0.0,random
128,2.8609073162078857,excluded-1,interaction_sufficiency,0.0,random
128,-0.7796507477760315,excluded-1,interaction_removal,0.0,random
128,2.8609066009521484,excluded-1,interaction_sufficiency,0.0,random
128,-0.7796508073806763,excluded-1,interaction_removal,0.0,random
128,2.860907554626465,excluded-1,interaction_sufficiency,0.0,random
128,-0.7796511650085449,excluded-1,interaction_removal,0.0,random
1,1.5402828454971313,control-1,interaction_sufficiency,0.009999999776482582,learned
1,-1.750809907913208,control-1,interaction_removal,0.9750000238418579,learned
1,-0.01792408898472786,control-1,interaction_sufficiency,0.0,random
1,0.010659501887857914,control-1,interaction_removal,1.0,random
1,-0.013962519355118275,control-1,interaction_sufficiency,0.0,random
1,-0.02516062743961811,control-1,interaction_removal,1.0,random
1,0.06237012892961502,control-1,interaction_sufficiency,0.0,random
1,-0.08480241894721985,control-1,interaction_removal,1.0,random
1,0.001349566038697958,control-1,interaction_sufficiency,0.0,random
1,-0.027351073920726776,control-1,interaction_removal,1.0,random
1,-0.0033584856428205967,control-1,interaction_sufficiency,0.0,random
1,0.013626890257000923,control-1,interaction_removal,1.0,random
1,0.034471720457077026,control-1,interaction_sufficiency,0.0,random
1,-0.03189236298203468,control-1,interaction_removal,1.0,random
1,-0.023331589996814728,control-1,interaction_sufficiency,0.0,random
1,-0.07839136570692062,control-1,interaction_removal,1.0,random
1,0.1508677452802658,control-1,interaction_sufficiency,0.0,random
1,-0.20933541655540466,control-1,interaction_removal,1.0,random
1,0.06232106313109398,control-1,interaction_sufficiency,0.0,random
1,-0.060607556253671646,control-1,interaction_removal,1.0,random
1,0.016148390248417854,control-1,interaction_sufficiency,0.0,random
1,0.02663402259349823,control-1,interaction_removal,1.0,random
2,1.809394359588623,control-1,interaction_sufficiency,0.004999999888241291,learned
2,-2.3379592895507812,control-1,interaction_removal,0.9100000262260437,learned
2,0.013557767495512962,control-1,interaction_sufficiency,0.0,random
2,-0.12320117652416229,control-1,interaction_removal,1.0,random
2,0.13954246044158936,control-1,interaction_sufficiency,0.0,random
2,-0.10291688144207001,control-1,interaction_removal,1.0,random
2,0.11133499443531036,control-1,interaction_sufficiency,0.0,random
2,-0.21543212234973907,control-1,interaction_removal,1.0,random
2,0.1541709452867508,control-1,interaction_sufficiency,0.0,random
2,-0.13083451986312866,control-1,interaction_removal,1.0,random
2,-0.011941663920879364,control-1,interaction_sufficiency,0.0,random
2,-0.027437124401330948,control-1,interaction_removal,1.0,random
2,0.014241053722798824,control-1,interaction_sufficiency,0.0,random
2,-0.06265681982040405,control-1,interaction_removal,1.0,random
2,0.07042141258716583,control-1,interaction_sufficiency,0.0,random
2,-0.15872734785079956,control-1,interaction_removal,1.0,random
2,0.02050791308283806,control-1,interaction_sufficiency,0.0,random
2,0.010548506863415241,control-1,interaction_removal,1.0,random
2,0.004112844355404377,control-1,interaction_sufficiency,0.0,random
2,0.005015429109334946,control-1,interaction_removal,1.0,random
2,0.0022520613856613636,control-1,interaction_sufficiency,0.0,random
2,-0.04985891655087471,control-1,interaction_removal,1.0,random
4,2.508289098739624,control-1,interaction_sufficiency,0.009999999776482582,learned
4,-3.261202812194824,control-1,interaction_removal,0.9200000166893005,learned
4,-0.030564816668629646,control-1,interaction_sufficiency,0.0,random
4,0.08951814472675323,control-1,interaction_removal,1.0,random
4,0.014862973242998123,control-1,interaction_sufficiency,0.0,random
4,-0.06562366336584091,control-1,interaction_removal,1.0,random
4,0.02462507039308548,control-1,interaction_sufficiency,0.0,random
4,-0.03578301519155502,control-1,interaction_removal,1.0,random
4,-0.0577218234539032,control-1,interaction_sufficiency,0.0,random
4,-0.044107142835855484,control-1,interaction_removal,1.0,random
4,-0.0697081983089447,control-1,interaction_sufficiency,0.0,random
4,0.0414278618991375,control-1,interaction_removal,1.0,random
4,0.13998748362064362,control-1,interaction_sufficiency,0.0,random
4,-0.119198739528656,control-1,interaction_removal,1.0,random
4,0.09451835602521896,control-1,interaction_sufficiency,0.0,random
4,-0.23316997289657593,control-1,interaction_removal,1.0,random
4,0.13501690328121185,control-1,interaction_sufficiency,0.0,random
4,-0.2733786404132843,control-1,interaction_removal,1.0,random
4,0.06863923370838165,control-1,interaction_sufficiency,0.0,random
4,-0.035951167345047,control-1,interaction_removal,1.0,random
4,0.24992956221103668,control-1,interaction_sufficiency,0.0,random
4,-0.15281349420547485,control-1,interaction_removal,1.0,random
8,3.0049405097961426,control-1,interaction_sufficiency,0.009999999776482582,learned
8,-3.9292755126953125,control-1,interaction_removal,0.8899999856948853,learned
8,0.01008184626698494,control-1,interaction_sufficiency,0.0,random
8,-0.15114189684391022,control-1,interaction_removal,1.0,random
8,-0.07897020131349564,control-1,interaction_sufficiency,0.0,random
8,-0.009742442518472672,control-1,interaction_removal,1.0,random
8,0.05474471673369408,control-1,interaction_sufficiency,0.0,random
8,-0.364261269569397,control-1,interaction_removal,1.0,random
8,0.4456651210784912,control-1,interaction_sufficiency,0.0,random
8,-0.5219950079917908,control-1,interaction_removal,1.0,random
8,0.40314310789108276,control-1,interaction_sufficiency,0.0,random
8,-0.6374228596687317,control-1,interaction_removal,1.0,random
8,0.04616599902510643,control-1,interaction_sufficiency,0.0,random
8,-0.013991529121994972,control-1,interaction_removal,1.0,random
8,0.09330105036497116,control-1,interaction_sufficiency,0.0,random
8,-0.2370947003364563,control-1,interaction_removal,1.0,random
8,0.3032185733318329,control-1,interaction_sufficiency,0.0,random
8,-0.4263533651828766,control-1,interaction_removal,1.0,random
8,0.1616712212562561,control-1,interaction_sufficiency,0.0,random
8,-0.04543539881706238,control-1,interaction_removal,1.0,random
8,0.06827078759670258,control-1,interaction_sufficiency,0.0,random
8,-0.23092469573020935,control-1,interaction_removal,1.0,random
16,2.95729923248291,control-1,interaction_sufficiency,0.009999999776482582,learned
16,-3.876258611679077,control-1,interaction_removal,0.8949999809265137,learned
16,0.18766246736049652,control-1,interaction_sufficiency,0.0,random
16,-0.45572295784950256,control-1,interaction_removal,1.0,random
16,0.3692172169685364,control-1,interaction_sufficiency,0.0,random
16,-0.46553099155426025,control-1,interaction_removal,1.0,random
16,0.30651184916496277,control-1,interaction_sufficiency,0.0,random
16,-0.6199367642402649,control-1,interaction_removal,1.0,random
16,0.02433762140572071,control-1,interaction_sufficiency,0.0,random
16,-0.2604728937149048,control-1,interaction_removal,1.0,random
16,0.3962134122848511,control-1,interaction_sufficiency,0.0,random
16,-0.6518203020095825,control-1,interaction_removal,1.0,random
16,0.610595166683197,control-1,interaction_sufficiency,0.0,random
16,-0.6732393503189087,control-1,interaction_removal,1.0,random
16,0.22371989488601685,control-1,interaction_sufficiency,0.0,random
16,-0.3636643886566162,control-1,interaction_removal,1.0,random
16,0.12537024915218353,control-1,interaction_sufficiency,0.0,random
16,-0.6234338879585266,control-1,interaction_removal,1.0,random
16,0.5309140682220459,control-1,interaction_sufficiency,0.0,random
16,-0.5748158693313599,control-1,interaction_removal,1.0,random
16,0.5006923079490662,control-1,interaction_sufficiency,0.0,random
16,-0.7921055555343628,control-1,interaction_removal,1.0,random
32,3.020122766494751,control-1,interaction_sufficiency,0.009999999776482582,learned
32,-3.907294988632202,control-1,interaction_removal,0.8799999952316284,learned
32,0.6673976182937622,control-1,interaction_sufficiency,0.0,random
32,-1.2963513135910034,control-1,interaction_removal,1.0,random
32,0.12617023289203644,control-1,interaction_sufficiency,0.0,random
32,-0.35634902119636536,control-1,interaction_removal,1.0,random
32,1.249428153038025,control-1,interaction_sufficiency,0.0,random
32,-1.3880107402801514,control-1,interaction_removal,0.9950000047683716,random
32,0.6876466870307922,control-1,interaction_sufficiency,0.0,random
32,-1.0884490013122559,control-1,interaction_removal,1.0,random
32,0.8893458843231201,control-1,interaction_sufficiency,0.0,random
32,-0.9976090788841248,control-1,interaction_removal,1.0,random
32,0.695935070514679,control-1,interaction_sufficiency,0.0,random
32,-1.510536551475525,control-1,interaction_removal,1.0,random
32,1.1614086627960205,control-1,interaction_sufficiency,0.0,random
32,-1.3108869791030884,control-1,interaction_removal,0.9900000095367432,random
32,0.4542244076728821,control-1,interaction_sufficiency,0.0,random
32,-1.2384670972824097,control-1,interaction_removal,1.0,random
32,0.6079030632972717,control-1,interaction_sufficiency,0.0,random
32,-1.2753733396530151,control-1,interaction_removal,1.0,random
32,0.4407675266265869,control-1,interaction_sufficiency,0.0,random
32,-0.7202951908111572,control-1,interaction_removal,1.0,random
64,3.125502347946167,control-1,interaction_sufficiency,0.004999999888241291,learned
64,-4.0077362060546875,control-1,interaction_removal,0.8700000047683716,learned
64,1.3783575296401978,control-1,interaction_sufficiency,0.0,random
64,-2.466439723968506,control-1,interaction_removal,0.9900000095367432,random
64,1.103630781173706,control-1,interaction_sufficiency,0.0,random
64,-1.633561372756958,control-1,interaction_removal,0.9950000047683716,random
64,0.9673358201980591,control-1,interaction_sufficiency,0.0,random
64,-1.857704758644104,control-1,interaction_removal,1.0,random
64,1.865795612335205,control-1,interaction_sufficiency,0.0,random
64,-2.668774366378784,control-1,interaction_removal,0.9150000214576721,random
64,1.5145519971847534,control-1,interaction_sufficiency,0.0,random
64,-1.946085810661316,control-1,interaction_removal,0.9900000095367432,random
64,1.6195183992385864,control-1,interaction_sufficiency,0.004999999888241291,random
64,-2.1629652976989746,control-1,interaction_removal,0.9850000143051147,random
64,1.2923102378845215,control-1,interaction_sufficiency,0.0,random
64,-1.7782264947891235,control-1,interaction_removal,1.0,random
64,0.9349619150161743,control-1,interaction_sufficiency,0.0,random
64,-1.7701904773712158,control-1,interaction_removal,0.9900000095367432,random
64,1.020784616470337,control-1,interaction_sufficiency,0.0,random
64,-1.9157118797302246,control-1,interaction_removal,0.9950000047683716,random
64,0.7955148816108704,control-1,interaction_sufficiency,0.0,random
64,-1.8244264125823975,control-1,interaction_removal,0.9950000047683716,random
128,3.164031744003296,control-1,interaction_sufficiency,0.004999999888241291,learned
128,-4.018692493438721,control-1,interaction_removal,0.8799999952316284,learned
128,3.1640329360961914,control-1,interaction_sufficiency,0.004999999888241291,random
128,-4.018693923950195,control-1,interaction_removal,0.8799999952316284,random
128,3.1640329360961914,control-1,interaction_sufficiency,0.004999999888241291,random
128,-4.018693923950195,control-1,interaction_removal,0.8799999952316284,random
128,3.1640326976776123,control-1,interaction_sufficiency,0.004999999888241291,random
128,-4.018693447113037,control-1,interaction_removal,0.8799999952316284,random
128,3.1640326976776123,control-1,interaction_sufficiency,0.004999999888241291,random
128,-4.018693923950195,control-1,interaction_removal,0.8799999952316284,random
128,3.1640326976776123,control-1,interaction_sufficiency,0.004999999888241291,random
128,-4.018693923950195,control-1,interaction_removal,0.8799999952316284,random
128,3.1640326976776123,control-1,interaction_sufficiency,0.004999999888241291,random
128,-4.0186944007873535,control-1,interaction_removal,0.8799999952316284,random
128,3.164031982421875,control-1,interaction_sufficiency,0.004999999888241291,random
128,-4.018693447113037,control-1,interaction_removal,0.8799999952316284,random
128,3.1640331745147705,control-1,interaction_sufficiency,0.004999999888241291,random
128,-4.018693447113037,control-1,interaction_removal,0.8799999952316284,random
128,3.1640331745147705,control-1,interaction_sufficiency,0.004999999888241291,random
128,-4.018693447113037,control-1,interaction_removal,0.8799999952316284,random
128,3.164031982421875,control-1,interaction_sufficiency,0.004999999888241291,random
128,-4.018693447113037,control-1,interaction_removal,0.8799999952316284,random
1,1.2399930953979492,excluded-2,interaction_sufficiency,0.0,learned
1,-1.796688199043274,excluded-2,interaction_removal,0.0,learned
1,-0.010984792374074459,excluded-2,interaction_sufficiency,0.0,random
1,-0.012726809829473495,excluded-2,interaction_removal,0.0,random
1,-0.0033456324599683285,excluded-2,interaction_sufficiency,0.0,random
1,-0.10185661166906357,excluded-2,interaction_removal,0.0,random
1,0.018380146473646164,excluded-2,interaction_sufficiency,0.0,random
1,0.0040926458314061165,excluded-2,interaction_removal,0.0,random
1,-0.019440971314907074,excluded-2,interaction_sufficiency,0.0,random
1,0.023974699899554253,excluded-2,interaction_removal,0.0,random
1,-0.039896298199892044,excluded-2,interaction_sufficiency,0.0,random
1,-0.002095515839755535,excluded-2,interaction_removal,0.0,random
1,0.05420143902301788,excluded-2,interaction_sufficiency,0.0,random
1,-0.2037559151649475,excluded-2,interaction_removal,0.0,random
1,0.04643867537379265,excluded-2,interaction_sufficiency,0.0,random
1,-0.07485548406839371,excluded-2,interaction_removal,0.0,random
1,-0.008272848092019558,excluded-2,interaction_sufficiency,0.0,random
1,0.04655831679701805,excluded-2,interaction_removal,0.0,random
1,-0.02018870785832405,excluded-2,interaction_sufficiency,0.0,random
1,-0.020646104589104652,excluded-2,interaction_removal,0.0,random
1,0.03600965812802315,excluded-2,interaction_sufficiency,0.0,random
1,-0.09063687920570374,excluded-2,interaction_removal,0.0,random
2,1.489133596420288,excluded-2,interaction_sufficiency,0.0,learned
2,-1.7269936800003052,excluded-2,interaction_removal,0.0,learned
2,0.08603675663471222,excluded-2,interaction_sufficiency,0.0,random
2,-0.13642515242099762,excluded-2,interaction_removal,0.0,random
2,0.025476397946476936,excluded-2,interaction_sufficiency,0.0,random
2,0.08119282126426697,excluded-2,interaction_removal,0.0,random
2,-0.10176238417625427,excluded-2,interaction_sufficiency,0.0,random
2,0.013690485619008541,excluded-2,interaction_removal,0.0,random
2,0.034365590661764145,excluded-2,interaction_sufficiency,0.0,random
2,0.09921813756227493,excluded-2,interaction_removal,0.0,random
2,0.0016654443461447954,excluded-2,interaction_sufficiency,0.0,random
2,-0.011803545989096165,excluded-2,interaction_removal,0.0,random
2,0.012593746185302734,excluded-2,interaction_sufficiency,0.0,random
2,-0.06179249659180641,excluded-2,interaction_removal,0.0,random
2,0.024686098098754883,excluded-2,interaction_sufficiency,0.0,random
2,-0.07050367444753647,excluded-2,interaction_removal,0.0,random
2,0.047852057963609695,excluded-2,interaction_sufficiency,0.0,random
2,-0.07560136914253235,excluded-2,interaction_removal,0.0,random
2,-0.01477738842368126,excluded-2,interaction_sufficiency,0.0,random
2,0.0386553518474102,excluded-2,interaction_removal,0.0,random
2,-0.0028232622426003218,excluded-2,interaction_sufficiency,0.0,random
2,0.06480053812265396,excluded-2,interaction_removal,0.0,random
4,1.6462513208389282,excluded-2,interaction_sufficiency,0.0,learned
4,-1.706505537033081,excluded-2,interaction_removal,0.0,learned
4,-0.04100705310702324,excluded-2,interaction_sufficiency,0.0,random
4,0.0014482807600870728,excluded-2,interaction_removal,0.0,random
4,-0.027882928028702736,excluded-2,interaction_sufficiency,0.0,random
4,-0.009091895073652267,excluded-2,interaction_removal,0.0,random
4,0.14288011193275452,excluded-2,interaction_sufficiency,0.0,random
4,-0.13928735256195068,excluded-2,interaction_removal,0.0,random
4,0.14098666608333588,excluded-2,interaction_sufficiency,0.0,random
4,-0.10700509697198868,excluded-2,interaction_removal,0.0,random
4,-0.032564930617809296,excluded-2,interaction_sufficiency,0.0,random
4,-0.07868693023920059,excluded-2,interaction_removal,0.0,random
4,0.04452557489275932,excluded-2,interaction_sufficiency,0.0,random
4,-0.1549588441848755,excluded-2,interaction_removal,0.0,random
4,0.06281649321317673,excluded-2,interaction_sufficiency,0.0,random
4,-0.021972062066197395,excluded-2,interaction_removal,0.0,random
4,0.1448460966348648,excluded-2,interaction_sufficiency,0.0,random
4,-0.18312256038188934,excluded-2,interaction_removal,0.0,random
4,0.004587654955685139,excluded-2,interaction_sufficiency,0.0,random
4,-0.23105090856552124,excluded-2,interaction_removal,0.0,random
4,0.056254707276821136,excluded-2,interaction_sufficiency,0.0,random
4,0.021550696343183517,excluded-2,interaction_removal,0.0,random
8,1.7828500270843506,excluded-2,interaction_sufficiency,0.0,learned
8,-1.6579651832580566,excluded-2,interaction_removal,0.0,learned
8,0.08950287103652954,excluded-2,interaction_sufficiency,0.0,random
8,-0.0771557092666626,excluded-2,interaction_removal,0.0,random
8,-0.007146792486310005,excluded-2,interaction_sufficiency,0.0,random
8,-0.012632195837795734,excluded-2,interaction_removal,0.0,random
8,0.1148575022816658,excluded-2,interaction_sufficiency,0.0,random
8,-0.2946273386478424,excluded-2,interaction_removal,0.0,random
8,0.21651840209960938,excluded-2,interaction_sufficiency,0.0,random
8,-0.1064467802643776,excluded-2,interaction_removal,0.0,random
8,-0.05128127709031105,excluded-2,interaction_sufficiency,0.0,random
8,-0.19384948909282684,excluded-2,interaction_removal,0.0,random
8,-0.058174315840005875,excluded-2,interaction_sufficiency,0.0,random
8,0.04282237961888313,excluded-2,interaction_removal,0.0,random
8,-0.05935925990343094,excluded-2,interaction_sufficiency,0.0,random
8,-0.0939936414361,excluded-2,interaction_removal,0.0,random
8,0.15065057575702667,excluded-2,interaction_sufficiency,0.0,random
8,-0.14808635413646698,excluded-2,interaction_removal,0.0,random
8,0.03821209445595741,excluded-2,interaction_sufficiency,0.0,random
8,-0.11387380957603455,excluded-2,interaction_removal,0.0,random
8,0.1286838799715042,excluded-2,interaction_sufficiency,0.0,random
8,0.025122717022895813,excluded-2,interaction_removal,0.0,random
16,1.8429958820343018,excluded-2,interaction_sufficiency,0.0,learned
16,-1.716943383216858,excluded-2,interaction_removal,0.0,learned
16,0.09321565926074982,excluded-2,interaction_sufficiency,0.0,random
16,-0.40596672892570496,excluded-2,interaction_removal,0.0,random
16,-0.0032095767091959715,excluded-2,interaction_sufficiency,0.0,random
16,-0.4496668875217438,excluded-2,interaction_removal,0.0,random
16,0.10147524625062943,excluded-2,interaction_sufficiency,0.0,random
16,-0.35503220558166504,excluded-2,interaction_removal,0.0,random
16,0.24172072112560272,excluded-2,interaction_sufficiency,0.0,random
16,-0.32257285714149475,excluded-2,interaction_removal,0.0,random
16,0.059249378740787506,excluded-2,interaction_sufficiency,0.0,random
16,-0.30274081230163574,excluded-2,interaction_removal,0.0,random
16,-0.06455443054437637,excluded-2,interaction_sufficiency,0.0,random
16,-0.2950374186038971,excluded-2,interaction_removal,0.0,random
16,0.10117149353027344,excluded-2,interaction_sufficiency,0.0,random
16,-0.3962579369544983,excluded-2,interaction_removal,0.0,random
16,0.12423637509346008,excluded-2,interaction_sufficiency,0.0,random
16,-0.23411275446414948,excluded-2,interaction_removal,0.0,random
16,0.14936627447605133,excluded-2,interaction_sufficiency,0.0,random
16,-0.2074226438999176,excluded-2,interaction_removal,0.0,random
16,-0.04929021745920181,excluded-2,interaction_sufficiency,0.0,random
16,-0.06935194134712219,excluded-2,interaction_removal,0.0,random
32,1.864506721496582,excluded-2,interaction_sufficiency,0.0,learned
32,-1.6975815296173096,excluded-2,interaction_removal,0.0,learned
32,0.09885713458061218,excluded-2,interaction_sufficiency,0.0,random
32,-0.48672279715538025,excluded-2,interaction_removal,0.0,random
32,0.3369815945625305,excluded-2,interaction_sufficiency,0.0,random
32,-0.8717663288116455,excluded-2,interaction_removal,0.0,random
32,0.31085479259490967,excluded-2,interaction_sufficiency,0.0,random
32,-0.3653186559677124,excluded-2,interaction_removal,0.0,random
32,0.31537339091300964,excluded-2,interaction_sufficiency,0.0,random
32,-0.6628413200378418,excluded-2,interaction_removal,0.0,random
32,0.25567176938056946,excluded-2,interaction_sufficiency,0.0,random
32,-0.7400413751602173,excluded-2,interaction_removal,0.0,random
32,0.36917388439178467,excluded-2,interaction_sufficiency,0.0,random
32,-0.3659772574901581,excluded-2,interaction_removal,0.0,random
32,0.31578367948532104,excluded-2,interaction_sufficiency,0.0,random
32,-0.5849279761314392,excluded-2,interaction_removal,0.0,random
32,0.41220328211784363,excluded-2,interaction_sufficiency,0.0,random
32,-1.0637948513031006,excluded-2,interaction_removal,0.0,random
32,0.13427531719207764,excluded-2,interaction_sufficiency,0.0,random
32,-0.40904104709625244,excluded-2,interaction_removal,0.0,random
32,0.14390511810779572,excluded-2,interaction_sufficiency,0.0,random
32,-0.5317867398262024,excluded-2,interaction_removal,0.0,random
64,1.8849841356277466,excluded-2,interaction_sufficiency,0.0,learned
64,-1.6903927326202393,excluded-2,interaction_removal,0.0,learned
64,0.9027658104896545,excluded-2,interaction_sufficiency,0.0,random
64,-1.2084941864013672,excluded-2,interaction_removal,0.0,random
64,0.8833715319633484,excluded-2,interaction_sufficiency,0.0,random
64,-0.911917507648468,excluded-2,interaction_removal,0.0,random
64,0.31113001704216003,excluded-2,interaction_sufficiency,0.0,random
64,-0.6477189660072327,excluded-2,interaction_removal,0.0,random
64,0.7138617038726807,excluded-2,interaction_sufficiency,0.0,random
64,-1.0109449625015259,excluded-2,interaction_removal,0.0,random
64,0.486084520816803,excluded-2,interaction_sufficiency,0.0,random
64,-0.6348242163658142,excluded-2,interaction_removal,0.0,random
64,0.405549556016922,excluded-2,interaction_sufficiency,0.0,random
64,-1.1210942268371582,excluded-2,interaction_removal,0.0,random
64,0.40288016200065613,excluded-2,interaction_sufficiency,0.0,random
64,-0.5780351161956787,excluded-2,interaction_removal,0.0,random
64,0.8159812688827515,excluded-2,interaction_sufficiency,0.0,random
64,-1.7401424646377563,excluded-2,interaction_removal,0.0,random
64,0.20293843746185303,excluded-2,interaction_sufficiency,0.0,random
64,-0.8581434488296509,excluded-2,interaction_removal,0.0,random
64,0.7587974071502686,excluded-2,interaction_sufficiency,0.0,random
64,-1.0536243915557861,excluded-2,interaction_removal,0.0,random
128,1.8957613706588745,excluded-2,interaction_sufficiency,0.0,learned
128,-1.6893948316574097,excluded-2,interaction_removal,0.0,learned
128,1.8957607746124268,excluded-2,interaction_sufficiency,0.0,random
128,-1.6893948316574097,excluded-2,interaction_removal,0.0,random
128,1.8957605361938477,excluded-2,interaction_sufficiency,0.0,random
128,-1.6893948316574097,excluded-2,interaction_removal,0.0,random
128,1.8957605361938477,excluded-2,interaction_sufficiency,0.0,random
128,-1.6893948316574097,excluded-2,interaction_removal,0.0,random
128,1.8957607746124268,excluded-2,interaction_sufficiency,0.0,random
128,-1.6893951892852783,excluded-2,interaction_removal,0.0,random
128,1.8957599401474,excluded-2,interaction_sufficiency,0.0,random
128,-1.6893947124481201,excluded-2,interaction_removal,0.0,random
128,1.8957611322402954,excluded-2,interaction_sufficiency,0.0,random
128,-1.6893949508666992,excluded-2,interaction_removal,0.0,random
128,1.895760178565979,excluded-2,interaction_sufficiency,0.0,random
128,-1.6893949508666992,excluded-2,interaction_removal,0.0,random
128,1.8957610130310059,excluded-2,interaction_sufficiency,0.0,random
128,-1.6893948316574097,excluded-2,interaction_removal,0.0,random
128,1.895760178565979,excluded-2,interaction_sufficiency,0.0,random
128,-1.6893947124481201,excluded-2,interaction_removal,0.0,random
128,1.8957605361938477,excluded-2,interaction_sufficiency,0.0,random
128,-1.6893949508666992,excluded-2,interaction_removal,0.0,random
1,2.2662017345428467,control-2,interaction_sufficiency,0.0,learned
1,-2.841264247894287,control-2,interaction_removal,1.0,learned
1,0.0011309146648272872,control-2,interaction_sufficiency,0.0,random
1,-0.1899736076593399,control-2,interaction_removal,1.0,random
1,0.0013841629261150956,control-2,interaction_sufficiency,0.0,random
1,-0.029693221673369408,control-2,interaction_removal,1.0,random
1,0.020383596420288086,control-2,interaction_sufficiency,0.0,random
1,0.014681114815175533,control-2,interaction_removal,1.0,random
1,-0.023634186014533043,control-2,interaction_sufficiency,0.0,random
1,0.0055910395458340645,control-2,interaction_removal,1.0,random
1,-0.04012150689959526,control-2,interaction_sufficiency,0.0,random
1,-0.07387617230415344,control-2,interaction_removal,1.0,random
1,0.026948891580104828,control-2,interaction_sufficiency,0.0,random
1,-0.030303625389933586,control-2,interaction_removal,1.0,random
1,0.025099610909819603,control-2,interaction_sufficiency,0.0,random
1,-0.02046053484082222,control-2,interaction_removal,1.0,random
1,0.12759070098400116,control-2,interaction_sufficiency,0.0,random
1,-0.1856115758419037,control-2,interaction_removal,1.0,random
1,-0.11269297450780869,control-2,interaction_sufficiency,0.0,random
1,-0.08595915138721466,control-2,interaction_removal,1.0,random
1,0.0656936764717102,control-2,interaction_sufficiency,0.0,random
1,-0.05240585282444954,control-2,interaction_removal,1.0,random
2,3.6088311672210693,control-2,interaction_sufficiency,0.0,learned
2,-5.358402729034424,control-2,interaction_removal,1.0,learned
2,0.03375398740172386,control-2,interaction_sufficiency,0.0,random
2,-0.021529732272028923,control-2,interaction_removal,1.0,random
2,-0.011638307943940163,control-2,interaction_sufficiency,0.0,random
2,-0.035076409578323364,control-2,interaction_removal,1.0,random
2,-0.05887429416179657,control-2,interaction_sufficiency,0.0,random
2,-0.008229651488363743,control-2,interaction_removal,1.0,random
2,-0.028766250237822533,control-2,interaction_sufficiency,0.0,random
2,0.054910317063331604,control-2,interaction_removal,1.0,random
2,-0.01619817689061165,control-2,interaction_sufficiency,0.0,random
2,0.019426655024290085,control-2,interaction_removal,1.0,random
2,0.001240415615029633,control-2,interaction_sufficiency,0.0,random
2,-0.04701875150203705,control-2,interaction_removal,1.0,random
2,0.072213314473629,control-2,interaction_sufficiency,0.0,random
2,-0.15376192331314087,control-2,interaction_removal,1.0,random
2,-0.004658021964132786,control-2,interaction_sufficiency,0.0,random
2,-0.10742998123168945,control-2,interaction_removal,1.0,random
2,-0.12907524406909943,control-2,interaction_sufficiency,0.0,random
2,0.05454379692673683,control-2,interaction_removal,1.0,random
2,0.051367245614528656,control-2,interaction_sufficiency,0.0,random
2,0.05325702577829361,control-2,interaction_removal,1.0,random
4,3.668160915374756,control-2,interaction_sufficiency,0.0,learned
4,-5.866152763366699,control-2,interaction_removal,1.0,learned
4,0.014860334806144238,control-2,interaction_sufficiency,0.0,random
4,-0.19994035363197327,control-2,interaction_removal,1.0,random
4,-0.041084013879299164,control-2,interaction_sufficiency,0.0,random
4,-0.10456827282905579,control-2,interaction_removal,1.0,random
4,0.5398503541946411,control-2,interaction_sufficiency,0.0,random
4,-0.44850224256515503,control-2,interaction_removal,1.0,random
4,0.22002191841602325,control-2,interaction_sufficiency,0.0,random
4,-0.15072743594646454,control-2,interaction_removal,1.0,random
4,0.1370193511247635,control-2,interaction_sufficiency,0.0,random
4,-0.01461966522037983,control-2,interaction_removal,1.0,random
4,0.0998951643705368,control-2,interaction_sufficiency,0.0,random
4,-0.12749992311000824,control-2,interaction_removal,1.0,random
4,-0.10473449528217316,control-2,interaction_sufficiency,0.0,random
4,-0.11076435446739197,control-2,interaction_removal,1.0,random
4,0.02544489875435829,control-2,interaction_sufficiency,0.0,random
4,0.019259043037891388,control-2,interaction_removal,1.0,random
4,0.06906414031982422,control-2,interaction_sufficiency,0.0,random
4,-0.05941009894013405,control-2,interaction_removal,1.0,random
4,0.2201337069272995,control-2,interaction_sufficiency,0.0,random
4,-0.22245220839977264,control-2,interaction_removal,1.0,random
8,4.140584468841553,control-2,interaction_sufficiency,0.0,learned
8,-6.650594711303711,control-2,interaction_removal,1.0,learned
8,0.22903791069984436,control-2,interaction_sufficiency,0.0,random
8,-0.434194952249527,control-2,interaction_removal,1.0,random
8,0.12094537913799286,control-2,interaction_sufficiency,0.0,random
8,-0.411803662776947,control-2,interaction_removal,1.0,random
8,0.13875971734523773,control-2,interaction_sufficiency,0.0,random
8,-0.25109803676605225,control-2,interaction_removal,1.0,random
8,0.3028877079486847,control-2,interaction_sufficiency,0.0,random
8,-0.3626021444797516,control-2,interaction_removal,1.0,random
8,0.13238246738910675,control-2,interaction_sufficiency,0.0,random
8,-0.48328766226768494,control-2,interaction_removal,1.0,random
8,0.025665894150733948,control-2,interaction_sufficiency,0.0,random
8,-0.13793259859085083,control-2,interaction_removal,1.0,random
8,0.16327427327632904,control-2,interaction_sufficiency,0.0,random
8,-0.2751051187515259,control-2,interaction_removal,1.0,random
8,0.2963595986366272,control-2,interaction_sufficiency,0.0,random
8,-0.1455502063035965,control-2,interaction_removal,1.0,random
8,0.23039978742599487,control-2,interaction_sufficiency,0.0,random
8,-0.6463358998298645,control-2,interaction_removal,1.0,random
8,0.30510175228118896,control-2,interaction_sufficiency,0.0,random
8,-0.4986668825149536,control-2,interaction_removal,1.0,random
16,4.255273818969727,control-2,interaction_sufficiency,0.0,learned
16,-6.67538595199585,control-2,interaction_removal,1.0,learned
16,0.27762117981910706,control-2,interaction_sufficiency,0.0,random
16,-0.6994171738624573,control-2,interaction_removal,1.0,random
16,-0.16837918758392334,control-2,interaction_sufficiency,0.0,random
16,-0.5052372217178345,control-2,interaction_removal,1.0,random
16,-0.041939448565244675,control-2,interaction_sufficiency,0.0,random
16,-0.2667553424835205,control-2,interaction_removal,1.0,random
16,0.29028356075286865,control-2,interaction_sufficiency,0.0,random
16,-0.9439435601234436,control-2,interaction_removal,1.0,random
16,0.4129115045070648,control-2,interaction_sufficiency,0.0,random
16,-0.7706761360168457,control-2,interaction_removal,1.0,random
16,0.37117618322372437,control-2,interaction_sufficiency,0.0,random
16,-0.30880486965179443,control-2,interaction_removal,1.0,random
16,0.16316348314285278,control-2,interaction_sufficiency,0.0,random
16,-1.045579433441162,control-2,interaction_removal,1.0,random
16,0.39164024591445923,control-2,interaction_sufficiency,0.0,random
16,-0.5745551586151123,control-2,interaction_removal,1.0,random
16,0.28960803151130676,control-2,interaction_sufficiency,0.0,random
16,-0.5230658054351807,control-2,interaction_removal,1.0,random
16,-0.022993363440036774,control-2,interaction_sufficiency,0.0,random
16,-0.48978129029273987,control-2,interaction_removal,1.0,random
32,4.276748180389404,control-2,interaction_sufficiency,0.0,learned
32,-6.758704662322998,control-2,interaction_removal,1.0,learned
32,0.6628944277763367,control-2,interaction_sufficiency,0.0,random
32,-1.1790080070495605,control-2,interaction_removal,1.0,random
32,0.4035595655441284,control-2,interaction_sufficiency,0.0,random
32,-1.7158994674682617,control-2,interaction_removal,1.0,random
32,0.4600677788257599,control-2,interaction_sufficiency,0.0,random
32,-0.9801656603813171,control-2,interaction_removal,1.0,random
32,0.8577117919921875,control-2,interaction_sufficiency,0.0,random
32,-1.4903329610824585,control-2,interaction_removal,1.0,random
32,0.7964364886283875,control-2,interaction_sufficiency,0.0,random
32,-2.241612195968628,control-2,interaction_removal,1.0,random
32,0.8967457413673401,control-2,interaction_sufficiency,0.0,random
32,-1.483728051185608,control-2,interaction_removal,1.0,random
32,0.29868361353874207,control-2,interaction_sufficiency,0.0,random
32,-1.2850488424301147,control-2,interaction_removal,1.0,random
32,0.5644428730010986,control-2,interaction_sufficiency,0.0,random
32,-1.9337462186813354,control-2,interaction_removal,1.0,random
32,0.6873579621315002,control-2,interaction_sufficiency,0.0,random
32,-1.2749061584472656,control-2,interaction_removal,1.0,random
32,0.37901920080184937,control-2,interaction_sufficiency,0.0,random
32,-1.6916292905807495,control-2,interaction_removal,1.0,random
64,4.240969657897949,control-2,interaction_sufficiency,0.0,learned
64,-6.7759246826171875,control-2,interaction_removal,1.0,learned
64,1.220403790473938,control-2,interaction_sufficiency,0.0,random
64,-2.458075523376465,control-2,interaction_removal,1.0,random
64,0.7555292248725891,control-2,interaction_sufficiency,0.0,random
64,-2.38063383102417,control-2,interaction_removal,1.0,random
64,1.097579002380371,control-2,interaction_sufficiency,0.0,random
64,-2.4191367626190186,control-2,interaction_removal,1.0,random
64,1.559367060661316,control-2,interaction_sufficiency,0.0,random
64,-2.8674392700195312,control-2,interaction_removal,1.0,random
64,1.3717960119247437,control-2,interaction_sufficiency,0.0,random
64,-2.9213507175445557,control-2,interaction_removal,1.0,random
64,1.0635745525360107,control-2,interaction_sufficiency,0.0,random
64,-2.4337692260742188,control-2,interaction_removal,1.0,random
64,0.8973010778427124,control-2,interaction_sufficiency,0.0,random
64,-1.7934470176696777,control-2,interaction_removal,1.0,random
64,1.1792709827423096,control-2,interaction_sufficiency,0.0,random
64,-3.6455860137939453,control-2,interaction_removal,1.0,random
64,1.2815814018249512,control-2,interaction_sufficiency,0.0,random
64,-2.9934005737304688,control-2,interaction_removal,1.0,random
64,1.2885828018188477,control-2,interaction_sufficiency,0.0,random
64,-3.2108631134033203,control-2,interaction_removal,1.0,random
128,4.2561798095703125,control-2,interaction_sufficiency,0.0,learned
128,-6.770773887634277,control-2,interaction_removal,1.0,learned
128,4.2561774253845215,control-2,interaction_sufficiency,0.0,random
128,-6.770771503448486,control-2,interaction_removal,1.0,random
128,4.256178379058838,control-2,interaction_sufficiency,0.0,random
128,-6.7707719802856445,control-2,interaction_removal,1.0,random
128,4.25617790222168,control-2,interaction_sufficiency,0.0,random
128,-6.770771503448486,control-2,interaction_removal,1.0,random
128,4.256179332733154,control-2,interaction_sufficiency,0.0,random
128,-6.770773887634277,control-2,interaction_removal,1.0,random
128,4.256176948547363,control-2,interaction_sufficiency,0.0,random
128,-6.7707719802856445,control-2,interaction_removal,1.0,random
128,4.256178379058838,control-2,interaction_sufficiency,0.0,random
128,-6.770772933959961,control-2,interaction_removal,1.0,random
128,4.25617790222168,control-2,interaction_sufficiency,0.0,random
128,-6.770771503448486,control-2,interaction_removal,1.0,random
128,4.256178855895996,control-2,interaction_sufficiency,0.0,random
128,-6.770772933959961,control-2,interaction_removal,1.0,random
128,4.25617790222168,control-2,interaction_sufficiency,0.0,random
128,-6.7707719802856445,control-2,interaction_removal,1.0,random
128,4.256178379058838,control-2,interaction_sufficiency,0.0,random
128,-6.7707719802856445,control-2,interaction_removal,1.0,random
1,0.9240961670875549,excluded-3,interaction_sufficiency,0.0,learned
1,-0.15632477402687073,excluded-3,interaction_removal,0.0,learned
1,0.06899536401033401,excluded-3,interaction_sufficiency,0.0,random
1,-0.06774702668190002,excluded-3,interaction_removal,0.0,random
1,-0.023077797144651413,excluded-3,interaction_sufficiency,0.0,random
1,0.01507321372628212,excluded-3,interaction_removal,0.0,random
1,0.013484898023307323,excluded-3,interaction_sufficiency,0.0,random
1,0.041586365550756454,excluded-3,interaction_removal,0.0,random
1,0.010198449715971947,excluded-3,interaction_sufficiency,0.0,random
1,-0.009615259245038033,excluded-3,interaction_removal,0.0,random
1,0.02075916714966297,excluded-3,interaction_sufficiency,0.0,random
1,-0.011203642003238201,excluded-3,interaction_removal,0.0,random
1,0.041824668645858765,excluded-3,interaction_sufficiency,0.0,random
1,0.0011095142690464854,excluded-3,interaction_removal,0.0,random
1,-0.06564196944236755,excluded-3,interaction_sufficiency,0.0,random
1,0.007459454704076052,excluded-3,interaction_removal,0.0,random
1,0.024662381038069725,excluded-3,interaction_sufficiency,0.0,random
1,0.032649267464876175,excluded-3,interaction_removal,0.0,random
1,-0.0031005716882646084,excluded-3,interaction_sufficiency,0.0,random
1,0.00915418192744255,excluded-3,interaction_removal,0.0,random
1,0.006920452229678631,excluded-3,interaction_sufficiency,0.0,random
1,0.002647304441779852,excluded-3,interaction_removal,0.0,random
2,1.2616603374481201,excluded-3,interaction_sufficiency,0.0,learned
2,-0.2242397665977478,excluded-3,interaction_removal,0.0,learned
2,0.0020913744810968637,excluded-3,interaction_sufficiency,0.0,random
2,0.006261487025767565,excluded-3,interaction_removal,0.0,random
2,0.04176238924264908,excluded-3,interaction_sufficiency,0.0,random
2,0.012812185101211071,excluded-3,interaction_removal,0.0,random
2,0.05064644664525986,excluded-3,interaction_sufficiency,0.0,random
2,-0.023329157382249832,excluded-3,interaction_removal,0.0,random
2,-0.024555860087275505,excluded-3,interaction_sufficiency,0.0,random
2,0.008909082040190697,excluded-3,interaction_removal,0.0,random
2,0.07655569165945053,excluded-3,interaction_sufficiency,0.0,random
2,0.03718046098947525,excluded-3,interaction_removal,0.0,random
2,0.10471592098474503,excluded-3,interaction_sufficiency,0.0,random
2,-0.10093088448047638,excluded-3,interaction_removal,0.0,random
2,-0.04511027783155441,excluded-3,interaction_sufficiency,0.0,random
2,0.00950600579380989,excluded-3,interaction_removal,0.0,random
2,0.017069868743419647,excluded-3,interaction_sufficiency,0.0,random
2,-0.057074643671512604,excluded-3,interaction_removal,0.0,random
2,-0.01713172346353531,excluded-3,interaction_sufficiency,0.0,random
2,-0.011411285027861595,excluded-3,interaction_removal,0.0,random
2,-0.014567160978913307,excluded-3,interaction_sufficiency,0.0,random
2,-0.05341352894902229,excluded-3,interaction_removal,0.0,random
4,1.2934423685073853,excluded-3,interaction_sufficiency,0.0,learned
4,-0.39912179112434387,excluded-3,interaction_removal,0.0,learned
4,0.0615876279771328,excluded-3,interaction_sufficiency,0.0,random
4,-0.018574438989162445,excluded-3,interaction_removal,0.0,random
4,-0.02849429100751877,excluded-3,interaction_sufficiency,0.0,random
4,0.035179123282432556,excluded-3,interaction_removal,0.0,random
4,-0.002890081377699971,excluded-3,interaction_sufficiency,0.0,random
4,-0.0020922564435750246,excluded-3,interaction_removal,0.0,random
4,-0.00619695195928216,excluded-3,interaction_sufficiency,0.0,random
4,-0.04817838966846466,excluded-3,interaction_removal,0.0,random
4,0.15155674517154694,excluded-3,interaction_sufficiency,0.0,random
4,-0.05362192168831825,excluded-3,interaction_removal,0.0,random
4,0.059157032519578934,excluded-3,interaction_sufficiency,0.0,random
4,0.010181074030697346,excluded-3,interaction_removal,0.0,random
4,0.06288760155439377,excluded-3,interaction_sufficiency,0.0,random
4,-0.0009578943136148155,excluded-3,interaction_removal,0.0,random
4,0.008750476874411106,excluded-3,interaction_sufficiency,0.0,random
4,0.013974761590361595,excluded-3,interaction_removal,0.0,random
4,-0.055901799350976944,excluded-3,interaction_sufficiency,0.0,random
4,0.022973118349909782,excluded-3,interaction_removal,0.0,random
4,0.023152507841587067,excluded-3,interaction_sufficiency,0.0,random
4,-0.06841754168272018,excluded-3,interaction_removal,0.0,random
8,1.46177339553833,excluded-3,interaction_sufficiency,0.0,learned
8,-0.4683171808719635,excluded-3,interaction_removal,0.0,learned
8,0.06383199244737625,excluded-3,interaction_sufficiency,0.0,random
8,-0.021378489211201668,excluded-3,interaction_removal,0.0,random
8,0.1462564915418625,excluded-3,interaction_sufficiency,0.0,random
8,0.045733656734228134,excluded-3,interaction_removal,0.0,random
8,0.07838045805692673,excluded-3,interaction_sufficiency,0.0,random
8,-0.0220903642475605,excluded-3,interaction_removal,0.0,random
8,-0.1203450933098793,excluded-3,interaction_sufficiency,0.0,random
8,0.05856868252158165,excluded-3,interaction_removal,0.0,random
8,-0.0025162696838378906,excluded-3,interaction_sufficiency,0.0,random
8,-0.06334895640611649,excluded-3,interaction_removal,0.0,random
8,0.0455528199672699,excluded-3,interaction_sufficiency,0.0,random
8,-0.08096330612897873,excluded-3,interaction_removal,0.0,random
8,0.01500672847032547,excluded-3,interaction_sufficiency,0.0,random
8,-0.031976476311683655,excluded-3,interaction_removal,0.0,random
8,0.18212838470935822,excluded-3,interaction_sufficiency,0.0,random
8,0.0009579992038197815,excluded-3,interaction_removal,0.0,random
8,0.17683859169483185,excluded-3,interaction_sufficiency,0.0,random
8,-0.03315849229693413,excluded-3,interaction_removal,0.0,random
8,0.14975453913211823,excluded-3,interaction_sufficiency,0.0,random
8,-0.013066091574728489,excluded-3,interaction_removal,0.0,random
16,1.4765713214874268,excluded-3,interaction_sufficiency,0.0,learned
16,-0.44064971804618835,excluded-3,interaction_removal,0.0,learned
16,0.15715941786766052,excluded-3,interaction_sufficiency,0.0,random
16,-0.03367190808057785,excluded-3,interaction_removal,0.0,random
16,0.07081601768732071,excluded-3,interaction_sufficiency,0.0,random
16,-0.14592625200748444,excluded-3,interaction_removal,0.0,random
16,0.10800381004810333,excluded-3,interaction_sufficiency,0.0,random
16,-0.13608641922473907,excluded-3,interaction_removal,0.0,random
16,0.06318647414445877,excluded-3,interaction_sufficiency,0.0,random
16,-0.056081343442201614,excluded-3,interaction_removal,0.0,random
16,0.04507570341229439,excluded-3,interaction_sufficiency,0.0,random
16,0.013951845467090607,excluded-3,interaction_removal,0.0,random
16,0.10761893540620804,excluded-3,interaction_sufficiency,0.0,random
16,-0.08325443416833878,excluded-3,interaction_removal,0.0,random
16,0.1544361412525177,excluded-3,interaction_sufficiency,0.0,random
16,-0.18118256330490112,excluded-3,interaction_removal,0.0,random
16,0.05715412646532059,excluded-3,interaction_sufficiency,0.0,random
16,-0.05424787104129791,excluded-3,interaction_removal,0.0,random
16,0.07514345645904541,excluded-3,interaction_sufficiency,0.0,random
16,-0.1449732780456543,excluded-3,interaction_removal,0.0,random
16,0.1025490015745163,excluded-3,interaction_sufficiency,0.0,random
16,0.05082874372601509,excluded-3,interaction_removal,0.0,random
32,1.4888159036636353,excluded-3,interaction_sufficiency,0.0,learned
32,-0.4468477666378021,excluded-3,interaction_removal,0.0,learned
32,0.2409762591123581,excluded-3,interaction_sufficiency,0.0,random
32,0.0010309458011761308,excluded-3,interaction_removal,0.0,random
32,0.34126850962638855,excluded-3,interaction_sufficiency,0.0,random
32,-0.08795720338821411,excluded-3,interaction_removal,0.0,random
32,0.04066835343837738,excluded-3,interaction_sufficiency,0.0,random
32,0.017942242324352264,excluded-3,interaction_removal,0.0,random
32,0.5824262499809265,excluded-3,interaction_sufficiency,0.0,random
32,-0.2946171462535858,excluded-3,interaction_removal,0.0,random
32,0.1348237693309784,excluded-3,interaction_sufficiency,0.0,random
32,-0.13176709413528442,excluded-3,interaction_removal,0.0,random
32,0.14841803908348083,excluded-3,interaction_sufficiency,0.0,random
32,-0.12430660426616669,excluded-3,interaction_removal,0.0,random
32,0.37299033999443054,excluded-3,interaction_sufficiency,0.0,random
32,-0.2006293088197708,excluded-3,interaction_removal,0.0,random
32,0.5839661955833435,excluded-3,interaction_sufficiency,0.0,random
32,-0.20375953614711761,excluded-3,interaction_removal,0.0,random
32,0.12429708242416382,excluded-3,interaction_sufficiency,0.0,random
32,-0.01887342892587185,excluded-3,interaction_removal,0.0,random
32,0.13923999667167664,excluded-3,interaction_sufficiency,0.0,random
32,-0.17582176625728607,excluded-3,interaction_removal,0.0,random
64,1.5712952613830566,excluded-3,interaction_sufficiency,0.0,learned
64,-0.4495023488998413,excluded-3,interaction_removal,0.0,learned
64,0.9860002994537354,excluded-3,interaction_sufficiency,0.0,random
64,-0.2856561243534088,excluded-3,interaction_removal,0.0,random
64,1.090268611907959,excluded-3,interaction_sufficiency,0.0,random
64,-0.25347545742988586,excluded-3,interaction_removal,0.0,random
64,0.5045666694641113,excluded-3,interaction_sufficiency,0.0,random
64,-0.12623274326324463,excluded-3,interaction_removal,0.0,random
64,0.8042404055595398,excluded-3,interaction_sufficiency,0.0,random
64,-0.3737805187702179,excluded-3,interaction_removal,0.0,random
64,0.7549152970314026,excluded-3,interaction_sufficiency,0.0,random
64,-0.40269356966018677,excluded-3,interaction_removal,0.0,random
64,0.33043211698532104,excluded-3,interaction_sufficiency,0.0,random
64,-0.20124730467796326,excluded-3,interaction_removal,0.0,random
64,0.6187570095062256,excluded-3,interaction_sufficiency,0.0,random
64,-0.20026354491710663,excluded-3,interaction_removal,0.0,random
64,0.5685521960258484,excluded-3,interaction_sufficiency,0.0,random
64,-0.2645185589790344,excluded-3,interaction_removal,0.0,random
64,0.768686056137085,excluded-3,interaction_sufficiency,0.0,random
64,-0.3335702419281006,excluded-3,interaction_removal,0.0,random
64,0.5554316639900208,excluded-3,interaction_sufficiency,0.0,random
64,-0.3193528652191162,excluded-3,interaction_removal,0.0,random
128,1.5710688829421997,excluded-3,interaction_sufficiency,0.0,learned
128,-0.44967949390411377,excluded-3,interaction_removal,0.0,learned
128,1.5710688829421997,excluded-3,interaction_sufficiency,0.0,random
128,-0.4496796131134033,excluded-3,interaction_removal,0.0,random
128,1.5710694789886475,excluded-3,interaction_sufficiency,0.0,random
128,-0.44967955350875854,excluded-3,interaction_removal,0.0,random
128,1.5710690021514893,excluded-3,interaction_sufficiency,0.0,random
128,-0.4496796131134033,excluded-3,interaction_removal,0.0,random
128,1.5710690021514893,excluded-3,interaction_sufficiency,0.0,random
128,-0.4496796429157257,excluded-3,interaction_removal,0.0,random
128,1.5710687637329102,excluded-3,interaction_sufficiency,0.0,random
128,-0.44967973232269287,excluded-3,interaction_removal,0.0,random
128,1.571069359779358,excluded-3,interaction_sufficiency,0.0,random
128,-0.4496796727180481,excluded-3,interaction_removal,0.0,random
128,1.5710687637329102,excluded-3,interaction_sufficiency,0.0,random
128,-0.44967955350875854,excluded-3,interaction_removal,0.0,random
128,1.571069359779358,excluded-3,interaction_sufficiency,0.0,random
128,-0.4496796727180481,excluded-3,interaction_removal,0.0,random
128,1.5710698366165161,excluded-3,interaction_sufficiency,0.0,random
128,-0.44967952370643616,excluded-3,interaction_removal,0.0,random
128,1.5710690021514893,excluded-3,interaction_sufficiency,0.0,random
128,-0.44967979192733765,excluded-3,interaction_removal,0.0,random
1,1.7305694818496704,control-3,interaction_sufficiency,0.0,learned
1,-5.293653964996338,control-3,interaction_removal,1.0,learned
1,0.12469097226858139,control-3,interaction_sufficiency,0.0,random
1,-0.03622736781835556,control-3,interaction_removal,1.0,random
1,-0.03266103193163872,control-3,interaction_sufficiency,0.0,random
1,0.0017273521516472101,control-3,interaction_removal,1.0,random
1,0.0706782341003418,control-3,interaction_sufficiency,0.0,random
1,-0.056986454874277115,control-3,interaction_removal,1.0,random
1,0.034298092126846313,control-3,interaction_sufficiency,0.0,random
1,-0.04734509810805321,control-3,interaction_removal,1.0,random
1,0.04979059100151062,control-3,interaction_sufficiency,0.0,random
1,-0.004642143379896879,control-3,interaction_removal,1.0,random
1,0.024596862494945526,control-3,interaction_sufficiency,0.0,random
1,-0.11006990075111389,control-3,interaction_removal,1.0,random
1,-0.01851111836731434,control-3,interaction_sufficiency,0.0,random
1,0.01132890209555626,control-3,interaction_removal,1.0,random
1,-0.013147277757525444,control-3,interaction_sufficiency,0.0,random
1,-0.01922697015106678,control-3,interaction_removal,1.0,random
1,-0.03362056240439415,control-3,interaction_sufficiency,0.0,random
1,-0.06631115823984146,control-3,interaction_removal,1.0,random
1,0.027956824749708176,control-3,interaction_sufficiency,0.0,random
1,-0.05084342136979103,control-3,interaction_removal,1.0,random
2,2.6685965061187744,control-3,interaction_sufficiency,0.0,learned
2,-6.053854465484619,control-3,interaction_removal,1.0,learned
2,-0.009964837692677975,control-3,interaction_sufficiency,0.0,random
2,0.046875495463609695,control-3,interaction_removal,1.0,random
2,0.12826208770275116,control-3,interaction_sufficiency,0.0,random
2,-0.19321133196353912,control-3,interaction_removal,1.0,random
2,0.13534832000732422,control-3,interaction_sufficiency,0.0,random
2,-0.15640924870967865,control-3,interaction_removal,1.0,random
2,0.028997965157032013,control-3,interaction_sufficiency,0.0,random
2,-0.021022552624344826,control-3,interaction_removal,1.0,random
2,0.18025553226470947,control-3,interaction_sufficiency,0.0,random
2,0.016206689178943634,control-3,interaction_removal,1.0,random
2,0.18064415454864502,control-3,interaction_sufficiency,0.0,random
2,-0.5713037252426147,control-3,interaction_removal,1.0,random
2,0.021116305142641068,control-3,interaction_sufficiency,0.0,random
2,-0.014179196208715439,control-3,interaction_removal,1.0,random
2,0.06939119100570679,control-3,interaction_sufficiency,0.0,random
2,-0.37585705518722534,control-3,interaction_removal,1.0,random
2,0.029110979288816452,control-3,interaction_sufficiency,0.0,random
2,-0.0622171126306057,control-3,interaction_removal,1.0,random
2,-0.0033867787569761276,control-3,interaction_sufficiency,0.0,random
2,-0.007769813761115074,control-3,interaction_removal,1.0,random
4,3.562270402908325,control-3,interaction_sufficiency,0.004999999888241291,learned
4,-7.942544937133789,control-3,interaction_removal,0.9950000047683716,learned
4,0.004300479777157307,control-3,interaction_sufficiency,0.0,random
4,-0.017501763999462128,control-3,interaction_removal,1.0,random
4,0.09371379762887955,control-3,interaction_sufficiency,0.0,random
4,-0.2555010914802551,control-3,interaction_removal,1.0,random
4,-0.05161771923303604,control-3,interaction_sufficiency,0.0,random
4,-0.3537280261516571,control-3,interaction_removal,1.0,random
4,-0.16785667836666107,control-3,interaction_sufficiency,0.0,random
4,-0.13765239715576172,control-3,interaction_removal,1.0,random
4,0.017715277150273323,control-3,interaction_sufficiency,0.0,random
4,-0.5513980984687805,control-3,interaction_removal,1.0,random
4,-0.013347038999199867,control-3,interaction_sufficiency,0.0,random
4,-0.27502337098121643,control-3,interaction_removal,1.0,random
4,0.03473023325204849,control-3,interaction_sufficiency,0.0,random
4,-0.044841837137937546,control-3,interaction_removal,1.0,random
4,0.06260523945093155,control-3,interaction_sufficiency,0.0,random
4,-0.346563458442688,control-3,interaction_removal,1.0,random
4,0.0014743137871846557,control-3,interaction_sufficiency,0.0,random
4,-0.1281101256608963,control-3,interaction_removal,1.0,random
4,0.10579271614551544,control-3,interaction_sufficiency,0.0,random
4,-0.41666126251220703,control-3,interaction_removal,1.0,random
8,4.907705783843994,control-3,interaction_sufficiency,0.019999999552965164,learned
8,-8.979865074157715,control-3,interaction_removal,0.9950000047683716,learned
8,0.07165669649839401,control-3,interaction_sufficiency,0.0,random
8,-0.5799464583396912,control-3,interaction_removal,1.0,random
8,0.2829366624355316,control-3,interaction_sufficiency,0.0,random
8,-0.4326403737068176,control-3,interaction_removal,1.0,random
8,0.27670443058013916,control-3,interaction_sufficiency,0.0,random
8,-0.510961651802063,control-3,interaction_removal,1.0,random
8,-0.39185845851898193,control-3,interaction_sufficiency,0.0,random
8,-0.1987035870552063,control-3,interaction_removal,1.0,random
8,-0.07406884431838989,control-3,interaction_sufficiency,0.0,random
8,-0.3562256097793579,control-3,interaction_removal,1.0,random
8,0.23666682839393616,control-3,interaction_sufficiency,0.0,random
8,-0.6982002258300781,control-3,interaction_removal,1.0,random
8,0.018155960366129875,control-3,interaction_sufficiency,0.0,random
8,-0.3730064630508423,control-3,interaction_removal,1.0,random
8,0.19075752794742584,control-3,interaction_sufficiency,0.0,random
8,-0.6845194101333618,control-3,interaction_removal,1.0,random
8,0.2561441659927368,control-3,interaction_sufficiency,0.0,random
8,-0.3174329698085785,control-3,interaction_removal,1.0,random
8,0.12644030153751373,control-3,interaction_sufficiency,0.0,random
8,-0.31295621395111084,control-3,interaction_removal,1.0,random
16,5.217884063720703,control-3,interaction_sufficiency,0.03500000014901161,learned
16,-9.118541717529297,control-3,interaction_removal,0.9850000143051147,learned
16,0.3268631398677826,control-3,interaction_sufficiency,0.0,random
16,-0.6834082007408142,control-3,interaction_removal,1.0,random
16,0.04025513306260109,control-3,interaction_sufficiency,0.0,random
16,-1.309787392616272,control-3,interaction_removal,1.0,random
16,0.4043257534503937,control-3,interaction_sufficiency,0.0,random
16,-0.9769574999809265,control-3,interaction_removal,1.0,random
16,0.23687773942947388,control-3,interaction_sufficiency,0.0,random
16,-1.074616551399231,control-3,interaction_removal,1.0,random
16,0.20685020089149475,control-3,interaction_sufficiency,0.0,random
16,-0.8392593264579773,control-3,interaction_removal,1.0,random
16,0.3122195899486542,control-3,interaction_sufficiency,0.0,random
16,-1.1713690757751465,control-3,interaction_removal,1.0,random
16,0.3985952138900757,control-3,interaction_sufficiency,0.0,random
16,-1.4976191520690918,control-3,interaction_removal,1.0,random
16,0.34450268745422363,control-3,interaction_sufficiency,0.0,random
16,-0.7429766654968262,control-3,interaction_removal,1.0,random
16,0.26877644658088684,control-3,interaction_sufficiency,0.0,random
16,-1.1134159564971924,control-3,interaction_removal,1.0,random
16,0.007067074999213219,control-3,interaction_sufficiency,0.0,random
16,-0.8153001666069031,control-3,interaction_removal,1.0,random
32,5.242295742034912,control-3,interaction_sufficiency,0.04500000178813934,learned
32,-9.097641944885254,control-3,interaction_removal,0.9850000143051147,learned
32,0.7981005907058716,control-3,interaction_sufficiency,0.0,random
32,-1.4835482835769653,control-3,interaction_removal,1.0,random
32,0.3292747139930725,control-3,interaction_sufficiency,0.0,random
32,-1.0575973987579346,control-3,interaction_removal,1.0,random
32,0.3568311631679535,control-3,interaction_sufficiency,0.0,random
32,-1.9501442909240723,control-3,interaction_removal,1.0,random
32,1.1261037588119507,control-3,interaction_sufficiency,0.0,random
32,-2.0434725284576416,control-3,interaction_removal,1.0,random
32,0.624815821647644,control-3,interaction_sufficiency,0.0,random
32,-2.2010931968688965,control-3,interaction_removal,1.0,random
32,0.54110187292099,control-3,interaction_sufficiency,0.0,random
32,-2.443850040435791,control-3,interaction_removal,1.0,random
32,0.8297156691551208,control-3,interaction_sufficiency,0.0,random
32,-2.9393582344055176,control-3,interaction_removal,1.0,random
32,1.0365347862243652,control-3,interaction_sufficiency,0.0,random
32,-1.9546138048171997,control-3,interaction_removal,1.0,random
32,0.48031455278396606,control-3,interaction_sufficiency,0.0,random
32,-1.3745815753936768,control-3,interaction_removal,1.0,random
32,0.7665416598320007,control-3,interaction_sufficiency,0.0,random
32,-1.872175931930542,control-3,interaction_removal,1.0,random
64,5.219954967498779,control-3,interaction_sufficiency,0.03999999910593033,learned
64,-9.16787338256836,control-3,interaction_removal,0.9850000143051147,learned
64,1.6594932079315186,control-3,interaction_sufficiency,0.0,random
64,-3.972766637802124,control-3,interaction_removal,1.0,random
64,1.9874701499938965,control-3,interaction_sufficiency,0.0,random
64,-4.143337249755859,control-3,interaction_removal,1.0,random
64,1.6506739854812622,control-3,interaction_sufficiency,0.0,random
64,-3.9759228229522705,control-3,interaction_removal,1.0,random
64,1.6930938959121704,control-3,interaction_sufficiency,0.0,random
64,-4.482207298278809,control-3,interaction_removal,1.0,random
64,1.7660086154937744,control-3,interaction_sufficiency,0.0,random
64,-4.628708362579346,control-3,interaction_removal,1.0,random
64,0.9897323846817017,control-3,interaction_sufficiency,0.0,random
64,-3.6985623836517334,control-3,interaction_removal,1.0,random
64,1.842984676361084,control-3,interaction_sufficiency,0.0,random
64,-4.730264663696289,control-3,interaction_removal,1.0,random
64,1.9873650074005127,control-3,interaction_sufficiency,0.0,random
64,-6.012792587280273,control-3,interaction_removal,1.0,random
64,1.3849581480026245,control-3,interaction_sufficiency,0.0,random
64,-4.44572639465332,control-3,interaction_removal,1.0,random
64,2.209258794784546,control-3,interaction_sufficiency,0.0,random
64,-4.475601673126221,control-3,interaction_removal,1.0,random
128,5.2137131690979,control-3,interaction_sufficiency,0.03999999910593033,learned
128,-9.163191795349121,control-3,interaction_removal,0.9850000143051147,learned
128,5.213710784912109,control-3,interaction_sufficiency,0.03999999910593033,random
128,-9.163189888000488,control-3,interaction_removal,0.9850000143051147,random
128,5.2137131690979,control-3,interaction_sufficiency,0.03999999910593033,random
128,-9.163191795349121,control-3,interaction_removal,0.9850000143051147,random
128,5.213712692260742,control-3,interaction_sufficiency,0.03999999910593033,random
128,-9.163192749023438,control-3,interaction_removal,0.9850000143051147,random
128,5.213711738586426,control-3,interaction_sufficiency,0.03999999910593033,random
128,-9.163189888000488,control-3,interaction_removal,0.9850000143051147,random
128,5.213711738586426,control-3,interaction_sufficiency,0.03999999910593033,random
128,-9.163189888000488,control-3,interaction_removal,0.9850000143051147,random
128,5.213712215423584,control-3,interaction_sufficiency,0.03999999910593033,random
128,-9.163192749023438,control-3,interaction_removal,0.9850000143051147,random
128,5.213711738586426,control-3,interaction_sufficiency,0.03999999910593033,random
128,-9.163189888000488,control-3,interaction_removal,0.9850000143051147,random
128,5.2137131690979,control-3,interaction_sufficiency,0.03999999910593033,random
128,-9.163191795349121,control-3,interaction_removal,0.9850000143051147,random
128,5.2137131690979,control-3,interaction_sufficiency,0.03999999910593033,random
128,-9.163191795349121,control-3,interaction_removal,0.9850000143051147,random
128,5.2137131690979,control-3,interaction_sufficiency,0.03999999910593033,random
128,-9.163191795349121,control-3,interaction_removal,0.9850000143051147,random
