held_out_accuracy,majority_baseline,mean_delta_s,mean_gradient_alignment,mean_transported_norm,model,phase,site,source_tens_argmax_fraction
,,0.47011488676071167,-0.18035957217216492,1.0000096559524536,excluded-1,residual_patch_transport,l0_post_equals,0.0
,,0.47011488676071167,-0.18035957217216492,1.0000096559524536,excluded-1,residual_patch_transport,l1_pre_equals,0.0
,,-0.37170085310935974,-0.1346631646156311,1.321445345878601,excluded-1,residual_patch_transport,l1_post_equals,0.0
,,-0.14668892323970795,-0.05108373612165451,1.7401889562606812,excluded-1,residual_patch_transport,l2_post_equals,0.0
,,0.8371015787124634,-0.3509727418422699,1.04013991355896,excluded-1,residual_patch_transport,l3_post_units,0.0
1.0,0.5,,,,excluded-1,residual_probe,l0_post_equals,
1.0,0.5,,,,excluded-1,residual_probe,l1_pre_equals,
0.9950000047683716,0.5,,,,excluded-1,residual_probe,l1_post_equals,
1.0,0.5,,,,excluded-1,residual_probe,l2_post_equals,
1.0,0.5,,,,excluded-1,residual_probe,l3_post_units,
,,15.013141632080078,0.09973331540822983,1.0000145435333252,control-1,residual_patch_transport,l0_post_equals,0.9900000095367432
,,15.013141632080078,0.09973331540822983,1.0000145435333252,control-1,residual_patch_transport,l1_pre_equals,0.9900000095367432
,,0.13007837533950806,-0.010738463141024113,1.5022964477539062,control-1,residual_patch_transport,l1_post_equals,0.0
,,-0.04960336536169052,0.03239605203270912,2.0592916011810303,control-1,residual_patch_transport,l2_post_equals,0.0
,,15.839669227600098,0.19170349836349487,1.1469324827194214,control-1,residual_patch_transport,l3_post_units,1.0
1.0,0.5,,,,control-1,residual_probe,l0_post_equals,
1.0,0.5,,,,control-1,residual_probe,l1_pre_equals,
1.0,0.5,,,,control-1,residual_probe,l1_post_equals,
1.0,0.5,,,,control-1,residual_probe,l2_post_equals,
1.0,0.5,,,,control-1,residual_probe,l3_post_units,
,,2.117648124694824,-0.054960671812295914,0.9999781847000122,excluded-2,residual_patch_transport,l0_post_equals,0.0
,,2.117648124694824,-0.054960671812295914,0.9999781847000122,excluded-2,residual_patch_transport,l1_pre_equals,0.0
,,-0.27288883924484253,-0.15753264725208282,1.202713131904602,excluded-2,residual_patch_transport,l1_post_equals,0.0
,,-0.02316265180706978,-0.009197904728353024,1.4323458671569824,excluded-2,residual_patch_transport,l2_post_equals,0.0
,,3.0169360637664795,-0.10592950880527496,0.56060791015625,excluded-2,residual_patch_transport,l3_post_units,0.0
1.0,0.5,,,,excluded-2,residual_probe,l0_post_equals,
1.0,0.5,,,,excluded-2,residual_probe,l1_pre_equals,
1.0,0.5,,,,excluded-2,residual_probe,l1_post_equals,
1.0,0.5,,,,excluded-2,residual_probe,l2_post_equals,
1.0,0.5,,,,excluded-2,residual_probe,l3_post_units,
,,36.265750885009766,0.05685430392622948,0.9999918937683105,control-2,residual_patch_transport,l0_post_equals,1.0
,,36.265750885009766,0.05685430392622948,0.9999918937683105,control-2,residual_patch_transport,l1_pre_equals,1.0
,,0.005492982920259237,-0.12180421501398087,1.3138943910598755,control-2,residual_patch_transport,l1_post_equals,0.0
,,0.01661713607609272,-0.007646510377526283,1.54522705078125,control-2,residual_patch_transport,l2_post_equals,0.0
,,37.786216735839844,0.16795186698436737,0.6548320055007935,control-2,residual_patch_transport,l3_post_units,1.0
1.0,0.5,,,,control-2,residual_probe,l0_post_equals,
1.0,0.5,,,,control-2,residual_probe,l1_pre_equals,
1.0,0.5,,,,control-2,residual_probe,l1_post_equals,
1.0,0.5,,,,control-2,residual_probe,l2_post_equals,
1.0,0.5,,,,control-2,residual_probe,l3_post_units,
,,-1.0982686281204224,0.10544845461845398,1.000014066696167,excluded-3,residual_patch_transport,l0_post_equals,0.0
,,-1.0982686281204224,0.10544845461845398,1.000014066696167,excluded-3,residual_patch_transport,l1_pre_equals,0.0
,,-0.36589908599853516,0.07013010233640671,1.293045163154602,excluded-3,residual_patch_transport,l1_post_equals,0.0
,,0.024691004306077957,0.030110692605376244,1.5411419868469238,excluded-3,residual_patch_transport,l2_post_equals,0.0
,,0.12152549624443054,0.3057173490524292,0.3740125894546509,excluded-3,residual_patch_transport,l3_post_units,0.0
1.0,0.5,,,,excluded-3,residual_probe,l0_post_equals,
1.0,0.5,,,,excluded-3,residual_probe,l1_pre_equals,
1.0,0.5,,,,excluded-3,residual_probe,l1_post_equals,
1.0,0.5,,,,excluded-3,residual_probe,l2_post_equals,
1.0,0.5,,,,excluded-3,residual_probe,l3_post_units,
,,11.459136962890625,0.07595854252576828,1.0000088214874268,control-3,residual_patch_transport,l0_post_equals,0.2199999988079071
,,11.459136962890625,0.07595854252576828,1.0000088214874268,control-3,residual_patch_transport,l1_pre_equals,0.2199999988079071
,,0.12805047631263733,0.08974220603704453,1.3786897659301758,control-3,residual_patch_transport,l1_post_equals,0.0
,,0.17846576869487762,0.06062305346131325,1.6605963706970215,control-3,residual_patch_transport,l2_post_equals,0.0
,,36.306392669677734,0.21367645263671875,0.37941473722457886,control-3,residual_patch_transport,l3_post_units,1.0
1.0,0.5,,,,control-3,residual_probe,l0_post_equals,
1.0,0.5,,,,control-3,residual_probe,l1_pre_equals,
1.0,0.5,,,,control-3,residual_probe,l1_post_equals,
1.0,0.5,,,,control-3,residual_probe,l2_post_equals,
1.0,0.5,,,,control-3,residual_probe,l3_post_units,
