l0_l1_direction_cosine,mean_delta_s,mean_jvp_l1_alignment,mean_jvp_norm,model,phase,positive_jvp_l1_alignment_fraction,source_tens_argmax_fraction
,0.4423890709877014,,,excluded-1,projected_l0_sufficiency,,0.0
,-0.315773606300354,,,excluded-1,projected_l0_removal,,0.0
0.18409104645252228,,0.8738057017326355,0.9973390102386475,excluded-1,transport,1.0,
,14.93444538116455,,,control-1,projected_l0_sufficiency,,1.0
,0.4458141326904297,,,control-1,projected_l0_removal,,0.0
0.06569691002368927,,0.8576913475990295,0.9066168069839478,control-1,transport,1.0,
,2.248904228210449,,,excluded-2,projected_l0_sufficiency,,0.0
,-0.002883486682549119,,,excluded-2,projected_l0_removal,,0.0
0.07426039129495621,,0.6896898150444031,0.6194503307342529,excluded-2,transport,1.0,
,34.0122184753418,,,control-2,projected_l0_sufficiency,,0.9649999737739563
,0.4152258336544037,,,control-2,projected_l0_removal,,0.0
0.0875573605298996,,0.8114553689956665,0.7262818813323975,control-2,transport,1.0,
,-1.073279857635498,,,excluded-3,projected_l0_sufficiency,,0.0
,-0.2723539471626282,,,excluded-3,projected_l0_removal,,0.0
0.009989097714424133,,-0.6832215785980225,0.28092634677886963,excluded-3,transport,0.0,
,10.1978178024292,,,control-3,projected_l0_sufficiency,,0.16500000655651093
,0.24127796292304993,,,control-3,projected_l0_removal,,0.0
0.06293785572052002,,-0.7124666571617126,0.32775306701660156,control-3,transport,0.0,
